"title","link","img","date_upload"
"Mbah Asnawi Mukmin: Tali Simpul Waliyullah Nganjuk dan Bojonegoro","https://www.nu.or.id/tokoh/mbah-asnawi-mukmin-tali-simpul-waliyullah-nganjuk-dan-bojonegoro-PY2Rt","https://storage.nu.or.id/storage/post/16_9/mid/makam-99_1654577045.webp","Selasa, 7 Jun 2022"
"Abdullah bin Zubair, Muhajirin Pertama yang Lahir di Bulan Syawal","https://www.nu.or.id/tokoh/abdullah-bin-zubair-muhajirin-pertama-yang-lahir-di-bulan-syawal-Ymp9X","https://storage.nu.or.id/storage/post/16_9/mid/ulama-nu-online_1652938096.webp","Kamis, 19 Mei 2022"
"Al-Manufi, Ulama Multidisiplin yang Lahir di Bulan Syawwal","https://www.nu.or.id/tokoh/al-manufi-ulama-multidisiplin-yang-lahir-di-bulan-syawwal-AtVb4","https://storage.nu.or.id/storage/post/16_9/mid/ulama-klasik-madina365com_1652579328.webp","Ahad, 15 Mei 2022"
"Fatimah binti Abbas: Ulama Perempuan Lintas Disiplin Ilmu Pengetahuan","https://www.nu.or.id/tokoh/fatimah-binti-abbas-ulama-perempuan-lintas-disiplin-ilmu-pengetahuan-pp8N7","https://storage.nu.or.id/storage/post/16_9/mid/perempuan-freepik_1652179360.webp","Selasa, 10 Mei 2022"
"Imam Bukhari, Ulama Penghimpun Hadits Sahih yang Lahir di Bulan Syawal","https://www.nu.or.id/tokoh/imam-bukhari-ulama-penghimpun-hadits-sahih-yang-lahir-di-bulan-syawal-GQdZS","https://storage.nu.or.id/storage/post/16_9/mid/ulama-nu-online4_1652177315.webp","Selasa, 10 Mei 2022"
"Syekh Abdurrohman Padangan: Sanad Ilmu dan Karya-Karyanya","https://www.nu.or.id/tokoh/syekh-abdurrohman-padangan-sanad-ilmu-dan-karya-karyanya-Kq3ft","https://storage.nu.or.id/storage/post/16_9/mid/manuskrip-1_1651151532.webp","Kamis, 28 Apr 2022"
"Usaid bin Hudair, Sahabat Rasulullah yang Wafat di Penghujung Sya’ban","https://www.nu.or.id/tokoh/usaid-bin-hudair-sahabat-rasulullah-yang-wafat-di-penghujung-sya-ban-9mi5G","https://storage.nu.or.id/storage/post/16_9/mid/ulama-nu-online3_1648893412.webp","Sabtu, 2 Apr 2022"
"Biografi Sulthanul Ulama Izzuddin bin Abdissalam","https://www.nu.or.id/tokoh/biografi-sulthanul-ulama-izzuddin-bin-abdissalam-AYYeO","https://storage.nu.or.id/storage/post/16_9/mid/ulama-nu-online4_1648686715.webp","Kamis, 31 Mar 2022"
"Nyai R Djuaesih, Perintis Berdirinya Muslimat NU","https://www.nu.or.id/tokoh/nyai-r-djuaesih-perintis-berdirinya-muslimat-nu-hi0NE","https://storage.nu.or.id/storage/post/16_9/mid/nyai-djuaesih_1648547723.webp","Selasa, 29 Mar 2022"
"KH Muhammad Tambih, Ulama Pendekar dari Bekasi","https://www.nu.or.id/tokoh/kh-muhammad-tambih-ulama-pendekar-dari-bekasi-Kd0T9","https://storage.nu.or.id/storage/post/16_9/mid/ulama-betawi_1648504163.webp","Selasa, 29 Mar 2022"
"Ibnu Hazm, Ulama Literalis yang Wafat di Penghujung Sya’ban","https://www.nu.or.id/tokoh/ibnu-hazm-ulama-literalis-yang-wafat-di-penghujung-sya-ban-xHoNA","https://storage.nu.or.id/storage/post/16_9/mid/ulama-nu-online4_1648455577.webp","Senin, 28 Mar 2022"
"Dzun Nun al-Mishri, Sufi Besar yang Taubat karena Seekor Anak Burung","https://www.nu.or.id/tokoh/dzun-nun-al-mishri-sufi-besar-yang-taubat-karena-seekor-anak-burung-b4uYk","https://storage.nu.or.id/storage/post/16_9/mid/ulama-nu-online2_1648305366.webp","Sabtu, 26 Mar 2022"
"Ibnu Daqiqil ‘Ied, Ulama Besar Lahir di Atas Kapal pada Sya’ban","https://www.nu.or.id/tokoh/ibnu-daqiqil-ied-ulama-besar-lahir-di-atas-kapal-pada-sya-ban-9a5G2","https://storage.nu.or.id/storage/post/16_9/mid/ulama-klasik-madina365com_1648198243.webp","Jumat, 25 Mar 2022"
"Syekh Ahmad Basyir, Ulama Berjuluk Penghulu Kota Bojonegoro","https://www.nu.or.id/tokoh/syekh-ahmad-basyir-ulama-berjuluk-penghulu-kota-bojonegoro-oqJZc","https://storage.nu.or.id/storage/post/16_9/mid/syekh-ahmad-basyir-bojonegoro_1648051678.webp","Kamis, 24 Mar 2022"
"Abu Tsana’ al-Alusi, Mufassir Kondang yang Lahir di Bulan Sya’ban","https://www.nu.or.id/tokoh/abu-tsana-al-alusi-mufassir-kondang-yang-lahir-di-bulan-sya-ban-pXJ0q","https://storage.nu.or.id/storage/post/16_9/mid/ulama-nu-online4_1647241691.webp","Senin, 14 Mar 2022"
"KH Hasyim Padangan, Ulama Ahli Nahwu Guru Masyayikh NU","https://www.nu.or.id/tokoh/kh-hasyim-padangan-ulama-ahli-nahwu-guru-masyayikh-nu-Ebieq","https://storage.nu.or.id/storage/post/16_9/mid/kh-hasyim-padangan_1647147738.webp","Ahad, 13 Mar 2022"
"Al-Qadhi ‘Iyadh, Ulama Multidisipliner yang Lahir di Bulan Sya’ban","https://www.nu.or.id/tokoh/al-qadhi-iyadh-ulama-multidisipliner-yang-lahir-di-bulan-sya-ban-Z9vVX","https://storage.nu.or.id/storage/post/16_9/mid/al-qadhi-iyadh_1646996432.webp","Jumat, 11 Mar 2022"
"Syekh Sulaiman Kurdi, Ulama Bojonegoro yang Mengajar di Makkah pada Abad 20","https://www.nu.or.id/tokoh/syekh-sulaiman-kurdi-ulama-bojonegoro-yang-mengajar-di-makkah-pada-abad-20-LQQJl","https://storage.nu.or.id/storage/post/16_9/mid/jannatul-mala_1646573925.webp","Ahad, 6 Mar 2022"
"Kiai Badri Mashduqi, Khalifah Tarekat Tijaniyah Indonesia","https://www.nu.or.id/tokoh/kiai-badri-mashduqi-khalifah-tarekat-tijaniyah-indonesia-bOQds","https://storage.nu.or.id/storage/post/16_9/mid/kiai-badri-mashduqi-medium_1645937878.webp","Ahad, 27 Feb 2022"
"Imam Ibnu Hajar Al-Asqalani: Ulama Besar yang Berangkat Yatim Piatu","https://www.nu.or.id/tokoh/imam-ibnu-hajar-al-asqalani-ulama-besar-yang-berangkat-yatim-piatu-d09F1","https://storage.nu.or.id/storage/post/16_9/mid/ulama-klasik-dialog-ilmfeedcom_1645839456.webp","Sabtu, 26 Feb 2022"
"Profil KHR As’ad Syamsul Arifin: Sang Wasilah Pendirian NU","https://www.nu.or.id/tokoh/profil-khr-as-ad-syamsul-arifin-sang-wasilah-pendirian-nu-4tXth","https://storage.nu.or.id/storage/post/16_9/mid/asad-syamsul-arifin-kh_1643284453.jpg","Kamis, 27 Jan 2022"
"Profil KH Achmad Siddiq, Pencetus Trilogi Ukhuwah","https://www.nu.or.id/tokoh/profil-kh-achmad-siddiq-pencetus-trilogi-ukhuwah-rJK61","https://storage.nu.or.id/storage/post/16_9/mid/achmad-shiddiq-2_1643243267.jpg","Kamis, 27 Jan 2022"
"Menelisik Perjalanan Intelektual Syaikhona Kholil","https://www.nu.or.id/tokoh/menelisik-perjalanan-intelektual-syaikhona-kholil-Pw4lF","https://storage.nu.or.id/storage/post/16_9/mid/ulama-pinterest_1641045004.jpg","Sabtu, 1 Jan 2022"
"KH Noer Muhammad Iskandar, Anak Kiai yang Enggan Disapa Gus","https://www.nu.or.id/tokoh/kh-noer-muhammad-iskandar-anak-kiai-yang-enggan-disapa-gus-JZPcy","https://storage.nu.or.id/storage/post/16_9/mid/kh-noer-iskandar-sq_1638489022.webp","Jumat, 3 Des 2021"
"KH Achmad Qusyairi: Ahli Ilmu Falak dari Pasuruan","https://www.nu.or.id/tokoh/kh-achmad-qusyairi-ahli-ilmu-falak-dari-pasuruan-sRPoF","https://storage.nu.or.id/storage/post/16_9/mid/kh-achmad-qusyairi-pasuruan-1_1638108726.webp","Ahad, 28 Nov 2021"
"Biografi Hasan al-Bashri: Ulama Besar Murid para Sahabat Nabi","https://www.nu.or.id/tokoh/biografi-hasan-al-bashri-ulama-besar-murid-para-sahabat-nabi-06ZX4","https://storage.nu.or.id/storage/post/16_9/mid/biografi-hasan-al-bashri_1636125546.jpg","Jumat, 5 Nov 2021"
"Penjalin Rotan Kiai Imam Sarang Lumpuhkan Pemberontakan PKI","https://www.nu.or.id/tokoh/penjalin-rotan-kiai-imam-sarang-lumpuhkan-pemberontakan-pki-VP2aw","https://storage.nu.or.id/storage/post/16_9/mid/1632984903.JPG","Kamis, 30 Sep 2021"
"Biografi KH Ghazali Ahmadi: Mubaligh Pesisir","https://www.nu.or.id/tokoh/biografi-kh-ghazali-ahmadi-mubaligh-pesisir-uHiGe","https://storage.nu.or.id/storage/post/16_9/mid/1629206470.jpeg","Selasa, 17 Agu 2021"
"Nyai Sholichah Munawwaroh, Perempuan di Balik Penyelesaian Konflik Pembesar NU","https://www.nu.or.id/tokoh/nyai-sholichah-munawwaroh-perempuan-di-balik-penyelesaian-konflik-pembesar-nu-M5qgC","https://storage.nu.or.id/storage/post/16_9/mid/1627644861.png","Jumat, 30 Jul 2021"
"Mengenang Hasyim Wahid","https://www.nu.or.id/tokoh/mengenang-hasyim-wahid-4YYy1","https://storage.nu.or.id/storage/post/16_9/mid/1627566207.jpeg","Kamis, 29 Jul 2021"
"KH Abdul Hamid Pasuruan: Dari Masa Kecil hingga Karamahnya","https://www.nu.or.id/tokoh/kh-abdul-hamid-pasuruan-dari-masa-kecil-hingga-karamahnya-WCsFz","https://storage.nu.or.id/storage/post/16_9/mid/1625014327.jpg","Jumat, 2 Jul 2021"
"Cita-cita Ahmad Khoirul Anam tentang Literasi dan Dakwah Digital","https://www.nu.or.id/tokoh/cita-cita-ahmad-khoirul-anam-tentang-literasi-dan-dakwah-digital-xFdZ2","https://storage.nu.or.id/storage/post/16_9/mid/1624722173.jpg","Sabtu, 26 Jun 2021"
"Empat Konsep Dakwah ala Habib Anis Solo","https://www.nu.or.id/tokoh/empat-konsep-dakwah-ala-habib-anis-solo-56Av7","https://storage.nu.or.id/storage/post/16_9/mid/1622120053.jpg","Kamis, 27 Mei 2021"
"KH Sya’roni Ahmadi, Ulama Al-Qur’an dari Kudus","https://www.nu.or.id/tokoh/kh-sya-roni-ahmadi-ulama-al-qur-an-dari-kudus-qYAXe","https://storage.nu.or.id/storage/post/16_9/mid/1619595351.png","Rabu, 28 Apr 2021"
"Profil KH Agus Sunyoto, Sejarawan Berdedikasi Tinggi","https://www.nu.or.id/tokoh/profil-kh-agus-sunyoto-sejarawan-berdedikasi-tinggi-QbZ8o","https://storage.nu.or.id/storage/post/16_9/mid/1619498602.jpg","Selasa, 27 Apr 2021"
"KH Ahmad Nashoha, Rais Syuriyah Pertama PCNU Kebumen","https://www.nu.or.id/tokoh/kh-ahmad-nashoha-rais-syuriyah-pertama-pcnu-kebumen-CQZEJ","https://storage.nu.or.id/storage/post/16_9/mid/1616999312.JPG","Senin, 29 Mar 2021"
"Sikap Moderat Guru Marzuki Cipinang Muara dalam Maknai ‘Kafir’","https://www.nu.or.id/tokoh/sikap-moderat-guru-marzuki-cipinang-muara-dalam-maknai-kafir-3Pkuf","https://storage.nu.or.id/storage/post/16_9/mid/1616892972.jpg","Ahad, 28 Mar 2021"
"Guru Marzuki Cipinang Muara, Mahaguru Para Ulama Betawi","https://www.nu.or.id/tokoh/guru-marzuki-cipinang-muara-mahaguru-para-ulama-betawi-BXGVL","https://storage.nu.or.id/storage/post/16_9/mid/1616829219.jpg","Sabtu, 27 Mar 2021"
"Syekh Ali As-Shabuni dan Masalah Khilafiyah yang Tak Kunjung Usai","https://www.nu.or.id/tokoh/syekh-ali-as-shabuni-dan-masalah-khilafiyah-yang-tak-kunjung-usai-6xb60","https://storage.nu.or.id/storage/post/16_9/mid/1616459470.jpg","Selasa, 23 Mar 2021"
"KH Abbas Buntet, Sosok Ulama Mulitidisplin Keilmuan","https://www.nu.or.id/tokoh/kh-abbas-buntet-sosok-ulama-mulitidisplin-keilmuan-YM4DL","https://storage.nu.or.id/storage/post/16_9/mid/1614140593.jpg","Rabu, 24 Feb 2021"
"KH Muchtar Thabrani, Ulama Bekasi dari Keluarga Petani","https://www.nu.or.id/tokoh/kh-muchtar-thabrani-ulama-bekasi-dari-keluarga-petani-y89kM","https://storage.nu.or.id/storage/post/16_9/mid/1614069048.jpg","Selasa, 23 Feb 2021"
"KH Hasan Abdul Wafi, Pencipta Shalawat Nahdliyah","https://www.nu.or.id/tokoh/kh-hasan-abdul-wafi-pencipta-shalawat-nahdliyah-HG1nk","https://storage.nu.or.id/storage/post/16_9/mid/1613050494.JPG","Kamis, 11 Feb 2021"
"Mama Cibogo, Ulama Ahli Falak dari Cibarusah Bekasi","https://www.nu.or.id/tokoh/mama-cibogo-ulama-ahli-falak-dari-cibarusah-bekasi-uwHUB","https://storage.nu.or.id/storage/post/16_9/mid/1612174962.jpeg","Senin, 1 Feb 2021"
"Kiai Hisyam Abdul Karim, Ulama Pejuang dari Kalijaran Purbalingga","https://www.nu.or.id/tokoh/kiai-hisyam-abdul-karim-ulama-pejuang-dari-kalijaran-purbalingga-5FbrM","https://storage.nu.or.id/storage/post/16_9/mid/1609841726.jpg","Selasa, 5 Jan 2021"
"Ketawadhuan KH Ali Maksum dalam Kebesarannya sebagai Ulama","https://www.nu.or.id/tokoh/ketawadhuan-kh-ali-maksum-dalam-kebesarannya-sebagai-ulama-2nGjQ","https://storage.nu.or.id/storage/post/16_9/mid/1607339044.jpg","Senin, 7 Des 2020"
"Guru Mansur, Ulama Falak dari Tanah Betawi","https://www.nu.or.id/tokoh/guru-mansur-ulama-falak-dari-tanah-betawi-Vfhjk","https://storage.nu.or.id/storage/post/16_9/mid/1600500500.jpeg","Sabtu, 19 Sep 2020"
"Empat Sahabat Waras dan Dubes A.A. Achsien (1)","https://www.nu.or.id/tokoh/empat-sahabat-waras-dan-dubes-a-a-achsien-1-ASPKJ","https://storage.nu.or.id/storage/post/16_9/mid/1598680406.jpg","Sabtu, 29 Agu 2020"
"KH Ahmad Abdul Hamid Kendal: Atlet, Ulama, dan Penulis Kitab","https://www.nu.or.id/tokoh/kh-ahmad-abdul-hamid-kendal-atlet-ulama-dan-penulis-kitab-5hFoN","https://storage.nu.or.id/storage/post/16_9/mid/1598354701.jpg","Selasa, 25 Agu 2020"
"Mama Ajengan Adang Badrudin, Karya, dan Wasiat NU","https://www.nu.or.id/tokoh/mama-ajengan-adang-badrudin-karya-dan-wasiat-nu-9az8m","https://storage.nu.or.id/storage/post/16_9/mid/1596538632.jpg","Selasa, 4 Agu 2020"
"27 Juli Lahir Mahbub Djunaidi: Wartawan, Sastrawan, Politikus NU","https://www.nu.or.id/tokoh/27-juli-lahir-mahbub-djunaidi-wartawan-sastrawan-politikus-nu-PmHi5","https://storage.nu.or.id/storage/post/16_9/mid/1595851814.jpg","Senin, 27 Jul 2020"
"Kiai Abdul Mannan, Wakil Klaten di Muktamar NU Tahun 1935","https://www.nu.or.id/tokoh/kiai-abdul-mannan-wakil-klaten-di-muktamar-nu-tahun-1935-QXKNK","https://storage.nu.or.id/storage/post/16_9/mid/1595774493.jpg","Ahad, 26 Jul 2020"
"Nyai Rohmah Noor Syifa’, Ulama Perempuan Pendiri Pesantren Nurul Ulum Malang","https://www.nu.or.id/tokoh/nyai-rohmah-noor-syifa-ulama-perempuan-pendiri-pesantren-nurul-ulum-malang-oLGgf","https://storage.nu.or.id/storage/post/16_9/mid/1595600798.jpg","Jumat, 24 Jul 2020"
"Nubuwat Kealiman Syekh Yasin Padang Sudah Diprediksi Sejak Masih Belia","https://www.nu.or.id/tokoh/nubuwat-kealiman-syekh-yasin-padang-sudah-diprediksi-sejak-masih-belia-PKEuC","https://storage.nu.or.id/storage/post/16_9/mid/1595350472.jpg","Selasa, 21 Jul 2020"
"Abu Manshur al-Maturidi, Imam Aqidah Ahlusunnah wal Jama’ah","https://www.nu.or.id/tokoh/abu-manshur-al-maturidi-imam-aqidah-ahlusunnah-wal-jama-ah-785iy","https://storage.nu.or.id/storage/post/16_9/mid/1593100307.jpg","Jumat, 26 Jun 2020"
"KH Muhammad Djunaidi, Ayahanda Mahbub Djunaidi","https://www.nu.or.id/tokoh/kh-muhammad-djunaidi-ayahanda-mahbub-djunaidi-UKG0Z","https://storage.nu.or.id/storage/post/16_9/mid/1593062298.JPG","Kamis, 25 Jun 2020"
"8 Juni 1970, Tokoh Film Nasional dari NU Meninggal","https://www.nu.or.id/tokoh/8-juni-1970-tokoh-film-nasional-dari-nu-meninggal-X382f","https://storage.nu.or.id/storage/post/16_9/mid/1591612258.jpg","Senin, 8 Jun 2020"
"Nyai Nihayah Achmad Siddiq, Ketua Fatayat NU di Dua Cabang","https://www.nu.or.id/tokoh/nyai-nihayah-achmad-siddiq-ketua-fatayat-nu-di-dua-cabang-XyaPr","https://storage.nu.or.id/storage/post/16_9/mid/1589171884.jpg","Senin, 11 Mei 2020"
"AA Murtadho, Deklarator PMII yang Sempat Terlupakan","https://www.nu.or.id/tokoh/aa-murtadho-deklarator-pmii-yang-sempat-terlupakan-R6K0V","https://storage.nu.or.id/storage/post/16_9/mid/1587756119.jpg","Jumat, 24 Apr 2020"
"132 Tahun KH Abdul Wahab Chasbullah","https://www.nu.or.id/tokoh/132-tahun-kh-abdul-wahab-chasbullah-TIEOo","https://storage.nu.or.id/storage/post/16_9/mid/1585623203.jpg","Selasa, 31 Mar 2020"
"KH Hasan Bisri Syafi'i Tokoh NU Karawang","https://www.nu.or.id/tokoh/kh-hasan-bisri-syafi-i-tokoh-nu-karawang-TEbv0","https://storage.nu.or.id/storage/post/16_9/mid/1585544961.jpg","Senin, 30 Mar 2020"
"Kecintaan Seorang Habib kepada Kiai NU hingga Dimakamkan Berdampingan","https://www.nu.or.id/tokoh/kecintaan-seorang-habib-kepada-kiai-nu-hingga-dimakamkan-berdampingan-muYen","https://storage.nu.or.id/storage/post/16_9/mid/1585313854.jpg","Jumat, 27 Mar 2020"
"KH Muhammad Masthuro, Tokoh NU dari Sukabumi","https://www.nu.or.id/tokoh/kh-muhammad-masthuro-tokoh-nu-dari-sukabumi-wUAbz","https://storage.nu.or.id/storage/post/16_9/mid/1585671438.jpg","Selasa, 24 Mar 2020"
"Kang Ayip, Sosok Kiai Egaliter","https://www.nu.or.id/tokoh/kang-ayip-sosok-kiai-egaliter-2xT9v","https://storage.nu.or.id/storage/post/16_9/mid/1584172812.jpg","Sabtu, 14 Mar 2020"
"KH Ahsin Syifa Aqiel Siroj, Kiai Kharismatik nan Humoris","https://www.nu.or.id/tokoh/kh-ahsin-syifa-aqiel-siroj-kiai-kharismatik-nan-humoris-2RpDM","https://storage.nu.or.id/storage/post/16_9/mid/1582695254.jpg","Rabu, 26 Feb 2020"
"Mengenal Mustahal Achmad, Tokoh Pendiri IPNU","https://www.nu.or.id/tokoh/mengenal-mustahal-achmad-tokoh-pendiri-ipnu-TwbyW","https://storage.nu.or.id/storage/post/16_9/mid/1582526780.jpg","Senin, 24 Feb 2020"
"KH Ghazalie Masroeri: Menguatkan Rukyat, Tak Tinggalkan Hisab","https://www.nu.or.id/tokoh/kh-ghazalie-masroeri-menguatkan-rukyat-tak-tinggalkan-hisab-08UwJ","https://storage.nu.or.id/storage/post/16_9/mid/1582194185.jpg","Kamis, 20 Feb 2020"
"Kiai Moch Anwar, Ulama Produktif Penulis Ratusan Buku","https://www.nu.or.id/tokoh/kiai-moch-anwar-ulama-produktif-penulis-ratusan-buku-0tLt4","https://storage.nu.or.id/storage/post/16_9/mid/1581696062.jpg","Jumat, 14 Feb 2020"
"Jejak Perjuangan Kiai Kholil Kauman","https://www.nu.or.id/tokoh/jejak-perjuangan-kiai-kholil-kauman-Sd0kk","https://storage.nu.or.id/storage/post/16_9/mid/1581312722.jpg","Senin, 10 Feb 2020"
"Kiai Bisri ‘Syansuri’ dari Pati/Jombang","https://www.nu.or.id/tokoh/kiai-bisri-syansuri-dari-patijombang-tsR6p","https://storage.nu.or.id/storage/post/16_9/mid/1581062813.jpg","Jumat, 7 Feb 2020"
"Tiga Habib Satu Kiai Anjurkan Ajengan Syuja’i Masuk NU","https://www.nu.or.id/tokoh/tiga-habib-satu-kiai-anjurkan-ajengan-syujai-masuk-nu-6ozEf","https://storage.nu.or.id/storage/post/16_9/mid/150572936859bf9b5868f93.jpg","Selasa, 4 Feb 2020"
"Hadratussyekh Hasyim Asy’ari, Kiai Romly Tamim, dan Kiai Mustain Romly","https://www.nu.or.id/tokoh/hadratussyekh-hasyim-asy-ari-kiai-romly-tamim-dan-kiai-mustain-romly-fW6pr","https://storage.nu.or.id/storage/post/16_9/mid/1580167161.jpg","Selasa, 28 Jan 2020"
"Al-Maghfurlah KH Mahtum Hannan, Kiai Berjuta Santri","https://www.nu.or.id/tokoh/al-maghfurlah-kh-mahtum-hannan-kiai-berjuta-santri-3Mm0Q","https://storage.nu.or.id/storage/post/16_9/mid/1579853773.jpg","Jumat, 24 Jan 2020"
"KH Shoheh Bunikasih, Ulama Sunda Murid Syekh Al-Azhar Ibrahim Al-Baijuri","https://www.nu.or.id/tokoh/kh-shoheh-bunikasih-ulama-sunda-murid-syekh-al-azhar-ibrahim-al-baijuri-wJO8U","https://storage.nu.or.id/storage/post/16_9/mid/1579098238.jpg","Rabu, 15 Jan 2020"
"KH Muhammad Ilyas Ruhiat, Rais Aam Mendampingi Gus Dur Periode Ketiga","https://www.nu.or.id/tokoh/nu-tekankan-pemerintah-bangun-paradigma-maritim-4SUxS","https://storage.nu.or.id/storage/post/16_9/mid/1578673601.jpg","Senin, 6 Jan 2020"
"Ajengan Garuda, Ulama NU Sunda Kelahiran Makkah","https://www.nu.or.id/tokoh/ajengan-garuda-ulama-nu-sunda-kelahiran-makkah-2ui9B","https://storage.nu.or.id/storage/post/16_9/mid/1577747403.jpg","Selasa, 31 Des 2019"
"Kiai Ahmad Dimyati, Mengabdi dalam Sepi","https://www.nu.or.id/tokoh/kiai-ahmad-dimyati-mengabdi-dalam-sepi-g9VDg","https://storage.nu.or.id/storage/post/16_9/mid/1577737581.jpg","Senin, 30 Des 2019"
"KH Abdul Latif Cibeber, Tokoh NU Dari Banten","https://www.nu.or.id/tokoh/pbnu-instruksikan-penggalangan-dana-melalui-koin-muktamar-qomu1","https://storage.nu.or.id/storage/post/16_9/mid/1577794093.jpg","Jumat, 20 Des 2019"
"KH Abdullah bin Nuh, Kiai Cianjur yang Produktif Menulis","https://www.nu.or.id/tokoh/kh-abdullah-bin-nuh-kiai-cianjur-yang-produktif-menulis-ymdTN","https://storage.nu.or.id/storage/post/16_9/mid/1577810591.jpg","Selasa, 17 Des 2019"
"KH Abubakar Yusuf, Tokoh NU dan Santri Hadratussyekh dari Karawang","https://www.nu.or.id/tokoh/kh-abubakar-yusuf-tokoh-nu-dan-santri-hadratussyekh-dari-karawang-ZRByS","https://storage.nu.or.id/storage/post/16_9/mid/1575986939.jpg","Selasa, 10 Des 2019"
"Enas Mabarti, Tokoh NU yang Mencintai Sunda","https://www.nu.or.id/tokoh/enas-mabarti-tokoh-nu-yang-mencintai-sunda-F5MaM","https://storage.nu.or.id/storage/post/16_9/mid/1575124313.jpg","Sabtu, 30 Nov 2019"
"KH Masjkur, Komandan Sabilillah Ahli Pertahanan Negara","https://www.nu.or.id/tokoh/kh-masjkur-komandan-sabilillah-ahli-pertahanan-negara-VmpAS","https://storage.nu.or.id/storage/post/16_9/mid/1573258135.jpg","Sabtu, 9 Nov 2019"
"Mengenal Ulama Kharismatik Banten Abuya Dimyati","https://www.nu.or.id/tokoh/mengenal-ulama-kharismatik-banten-abuya-dimyati-3Ggae","https://storage.nu.or.id/storage/post/16_9/mid/1572532289.jpg","Kamis, 31 Okt 2019"
"KH Faqih Muntaha dan Kontribusinya pada Sastra Pesantren","https://www.nu.or.id/tokoh/kh-faqih-muntaha-dan-kontribusinya-pada-sastra-pesantren-DLsve","https://storage.nu.or.id/storage/post/16_9/mid/1571971354.jpg","Jumat, 25 Okt 2019"
"KH Badruddin Honggowongso, Pejuang Sabilillah Pakar Bahtsul Masail","https://www.nu.or.id/tokoh/kh-badruddin-honggowongso-pejuang-sabilillah-pakar-bahtsul-masail-NFXRm","https://storage.nu.or.id/storage/post/16_9/mid/1571820340.jpg","Rabu, 23 Okt 2019"
"KH Zainul Arifin, Tokoh NU Keturunan Raja Barus","https://www.nu.or.id/tokoh/kh-zainul-arifin-tokoh-nu-keturunan-raja-barus-Dxasm","https://storage.nu.or.id/storage/post/16_9/mid/1571590020.jpg","Ahad, 20 Okt 2019"
"TGH Soleh Chambali, Tokoh NU dari Nusa Tenggara Barat","https://www.nu.or.id/tokoh/tgh-soleh-chambali-tokoh-nu-dari-nusa-tenggara-barat-r3QgT","https://storage.nu.or.id/storage/post/16_9/mid/1567248926.jpg","Sabtu, 31 Agu 2019"
"Perjalanan Hidup KH Maimoen Zubair: Ditempa Keilmuan sebelum Usia Balig","https://www.nu.or.id/tokoh/perjalanan-hidup-kh-maimoen-zubair-ditempa-keilmuan-sebelum-usia-balig-fO0Qt","https://storage.nu.or.id/storage/post/16_9/mid/1565192725.jpg","Rabu, 7 Agu 2019"
"Sang Syahid KH Abdullah Sajjad dari Pesantren Annuqayah Guluk-Guluk","https://www.nu.or.id/tokoh/sang-syahid-kh-abdullah-sajjad-dari-pesantren-annuqayah-guluk-guluk-rEWhA","https://storage.nu.or.id/storage/post/16_9/mid/1564918208.jpg","Ahad, 4 Agu 2019"
"Abah Anom; Wali Sakti dari Tanah Sunda","https://www.nu.or.id/tokoh/abah-anom-wali-sakti-dari-tanah-sunda-mR8R0","https://storage.nu.or.id/storage/post/16_9/mid/1564186754.jpg","Sabtu, 27 Jul 2019"
"Mengenal Nyai Shofiyah Syahid Sosok di Balik Pesantren Kemadu Rembang","https://www.nu.or.id/tokoh/mengenal-nyai-shofiyah-syahid-sosok-di-balik-pesantren-kemadu-rembang-Bjcgh","https://storage.nu.or.id/storage/post/16_9/mid/1563888038.jpg","Selasa, 23 Jul 2019"
"Lagi Ngaji, Santri Mbah Hasyim Dijemput karena Istri Melahirkan","https://www.nu.or.id/tokoh/lagi-ngaji-santri-mbah-hasyim-dijemput-karena-istri-melahirkan-ZQr55","https://storage.nu.or.id/storage/post/16_9/mid/15610375285d0b8ad89b541.jpg","Kamis, 20 Jun 2019"
"Kiai Tolchah Hasan, Ulama dengan Segudang Referensi","https://www.nu.or.id/tokoh/kiai-tolchah-hasan-ulama-dengan-segudang-referensi-uXGtW","https://storage.nu.or.id/storage/post/16_9/mid/1563798964.jpg","Kamis, 30 Mei 2019"
"KH Ahmad Syaikhu Tokoh NU Pendiri Pesantren Al-Hamidiyah Depok","https://www.nu.or.id/tokoh/kh-ahmad-syaikhu-tokoh-nu-pendiri-pesantren-al-hamidiyah-depok-Li9Qy","https://storage.nu.or.id/storage/post/16_9/mid/15582652715ce13db780b02.jpg","Ahad, 19 Mei 2019"
"Kiai Dhofir Munawwar, Menantu Andalan Kiai As’ad Syamsul Arifin","https://www.nu.or.id/tokoh/kiai-dhofir-munawwar-menantu-andalan-kiai-asad-syamsul-arifin-BGqAe","https://storage.nu.or.id/storage/post/16_9/mid/15579370915cdc3bc359418.jpg","Rabu, 15 Mei 2019"
"Hj Siti Zubaidah Hasbiyallah Ulama Perempuan Betawi, Penulis Risalah Shalat Tarawih dan Shalat Id","https://www.nu.or.id/tokoh/hj-siti-zubaidah-hasbiyallah-ulama-perempuan-betawi-penulis-risalah-shalat-tarawih-dan-shalat-id-8GYLF","https://storage.nu.or.id/storage/post/16_9/mid/15573767385cd3aee2e19a2.jpg","Kamis, 9 Mei 2019"
"Kiai Chayyi, Aktivis NU Kencong Pegiat Literasi","https://www.nu.or.id/tokoh/kiai-chayyi-aktivis-nu-kencong-pegiat-literasi-oPqh2","https://storage.nu.or.id/storage/post/16_9/mid/15561514035cc0fc6bec0b4.jpg","Kamis, 25 Apr 2019"
"KH Zaini Dahlan: Pendiri dan Penggerak NU Tjabang Kentjong","https://www.nu.or.id/tokoh/kh-zaini-dahlan-pendiri-dan-penggerak-nu-tjabang-kentjong-wIT2F","https://storage.nu.or.id/storage/post/16_9/mid/15560915685cc012b08b5d7.jpg","Selasa, 23 Apr 2019"
"Kiai Syair, Ngaji Keliling dengan Manakib","https://www.nu.or.id/tokoh/kiai-syair-ngaji-keliling-dengan-manakib-Id7a8","https://storage.nu.or.id/storage/post/16_9/mid/15553965925cb577f00bea1.jpg","Selasa, 16 Apr 2019"
"Kiai Ahmad Rifa’i Kalisalak, Melawan dengan Syi’ir","https://www.nu.or.id/tokoh/kiai-ahmad-rifai-kalisalak-melawan-dengan-syiir-73m7b","https://storage.nu.or.id/storage/post/16_9/mid/15551331825cb172fee10e1.jpg","Sabtu, 13 Apr 2019"
"Kiai Asnawi dan Doa Keamanan untuk Indonesia","https://www.nu.or.id/tokoh/kiai-asnawi-dan-doa-keamanan-untuk-indonesia-TeJbb","https://storage.nu.or.id/storage/post/16_9/mid/15547246085cab370034dcc.jpg","Senin, 8 Apr 2019"
"KH Nawawi Berjan, Ulama di Balik Berdirinya Organisasi Thariqah","https://www.nu.or.id/tokoh/kh-nawawi-berjan-ulama-di-balik-berdirinya-organisasi-thariqah-wQ9Ku","https://storage.nu.or.id/storage/post/16_9/mid/15529692125c906dfcb86cc.jpg","Selasa, 19 Mar 2019"
"Sanad Keilmuan KH Ma’ruf Amin: Dari Banten Sampai Makkah","https://www.nu.or.id/tokoh/sanad-keilmuan-kh-maruf-amin-dari-banten-sampai-makkah-6jMT4","https://storage.nu.or.id/storage/post/16_9/mid/15526193525c8b1758b373a.jpg","Jumat, 15 Mar 2019"
"Mengenal KH Abdul Majid Tamim, Murid Hadratussyekh yang Produktif Menulis","https://www.nu.or.id/tokoh/mengenal-kh-abdul-majid-tamim-murid-hadlratus-syaikh-yang-produktif-menulis-UseFP","https://storage.nu.or.id/storage/post/16_9/mid/15522939055c8620110be79.jpg","Senin, 11 Mar 2019"
"Jimly, Seniman Kaligrafi Internasional dari Jember","https://www.nu.or.id/tokoh/jimly-seniman-kaligrafi-internasional-dari-jember-GOTWn","https://storage.nu.or.id/storage/post/16_9/mid/15517656165c7e1070430ac.jpg","Selasa, 5 Mar 2019"
"Manaqib Habib Utsman Al-Aydrus, Tokoh NU Jawa Barat","https://www.nu.or.id/tokoh/manaqib-habib-utsman-al-aydrus-tokoh-nu-jawa-barat-d6mE1","https://storage.nu.or.id/storage/post/16_9/mid/15510436555c730c47852fe.jpg","Selasa, 26 Feb 2019"
"Gus Dur, Kiai Ali Manshur, dan Shalawat Badar","https://www.nu.or.id/tokoh/gus-dur-kiai-ali-manshur-dan-shalawat-badar-MqD77","https://storage.nu.or.id/storage/post/16_9/mid/15492791555c581fb31b877.jpg","Senin, 4 Feb 2019"
"Teladan Mbah Dullah Salam: Dari Hubbul Ilmi hingga Keistiqamahan","https://www.nu.or.id/tokoh/teladan-mbah-dullah-salam-dari-hubbul-ilmi-hingga-keistiqamahan-uw2S6","https://storage.nu.or.id/storage/post/16_9/mid/15485009375c4c3fc98d637.jpg","Sabtu, 26 Jan 2019"
"Subchan ZE (1931-1973): Oposan Flamboyan Dua Rezim","https://www.nu.or.id/tokoh/subchan-ze-1931-1973-oposan-flamboyan-dua-rezim-HETpL","https://storage.nu.or.id/storage/post/16_9/mid/15480477585c45558e091f0.jpg","Senin, 21 Jan 2019"
"Riwayat Singkat KH Abdullah Mubarok atau Abah Sepuh","https://www.nu.or.id/tokoh/riwayat-singkat-kh-abdullah-mubarok-atau-abah-sepuh-cSMgO","https://storage.nu.or.id/storage/post/16_9/mid/15462754785c2a4a9683981.jpg","Senin, 31 Des 2018"
"Riwayat KH Muhammad Masthuro dan Wasiatnya","https://www.nu.or.id/tokoh/riwayat-kh-muhammad-masthuro-dan-wasiatnya-Kb0fP","https://storage.nu.or.id/storage/post/16_9/mid/15461933545c2909ca4cdf1.jpg","Senin, 31 Des 2018"
"Sa’ad bin Abi Waqqash, Sahabat Nabi yang Mendakwahkan Islam di China","https://www.nu.or.id/tokoh/saad-bin-abi-waqqash-sahabat-nabi-yang-mendakwahkan-islam-di-china-ubDV2","https://storage.nu.or.id/storage/post/16_9/mid/15451982275c19da939487c.jpg","Rabu, 19 Des 2018"
"KH Oding Muhammad Abdul Qodir dan Lima Amalan Hidupnya","https://www.nu.or.id/tokoh/kh-oding-muhammad-abdul-qodir-dan-lima-amalan-hidupnya-lXK7o","https://storage.nu.or.id/storage/post/16_9/mid/15447127065c127202e2f91.jpg","Kamis, 13 Des 2018"
"Kiai Asnawi Caringin, Ulama Pendekar dari Banten","https://www.nu.or.id/tokoh/kiai-asnawi-caringin-ulama-pendekar-dari-banten-Ty35X","https://storage.nu.or.id/storage/post/16_9/mid/15436017175c017e3557873.jpg","Jumat, 30 Nov 2018"
"Syekh Ahmad Khatib Sambas Mempertemukan Dua Tarekat","https://www.nu.or.id/tokoh/syekh-ahmad-khatib-sambas-mempertemukan-dua-tarekat-fKhEC","https://storage.nu.or.id/storage/post/16_9/mid/15435097515c0016f72ea3f.jpg","Jumat, 30 Nov 2018"
"Riwayat Hidup dan Perjuangan Ajengan KH Anwar Musaddad","https://www.nu.or.id/tokoh/riwayat-hidup-dan-perjuangan-ajengan-kh-anwar-musaddad-veP2O","https://storage.nu.or.id/storage/post/16_9/mid/15435081655c0010c51b2f6.jpg","Kamis, 29 Nov 2018"
"KH Tobroni Mutaad, Karisma dan Istiqamahnya Mengajar Santri","https://www.nu.or.id/tokoh/kh-tobroni-mutaad-karisma-dan-istiqamahnya-mengajar-santri-v7fXZ","https://storage.nu.or.id/storage/post/16_9/mid/15434066285bfe8424dd90c.jpg","Rabu, 28 Nov 2018"
"KH M Sulthon Abdul Hadi, Perginya Ulama Pengabdi Umat","https://www.nu.or.id/tokoh/kh-m-sulthon-abdul-hadi-perginya-ulama-pengabdi-umat-9wGDb","https://storage.nu.or.id/storage/post/16_9/mid/15428971915bf6be27089d5.jpg","Kamis, 22 Nov 2018"
"Riwayat Hidup dan Perjuangan KH Syam’un","https://www.nu.or.id/tokoh/riwayat-hidup-dan-perjuangan-kh-syamun-fV9uH","https://storage.nu.or.id/storage/post/16_9/mid/15427796035bf4f2d39e927.jpg","Kamis, 22 Nov 2018"
"Kebesaran Jiwa dan Sikap Toleran KH Hasyim Asy’ari","https://www.nu.or.id/tokoh/kebesaran-jiwa-dan-sikap-toleran-kh-hasyim-asyari-iYVpF","https://storage.nu.or.id/storage/post/16_9/mid/15427742085bf4ddc0bde34.jpg","Rabu, 21 Nov 2018"
"KH Bisri Syansuri Ulama Barisan Fiqih Indonesia","https://www.nu.or.id/tokoh/kh-bisri-syansuri-ulama-barisan-fiqih-indonesia-DJV23","https://storage.nu.or.id/storage/post/16_9/mid/1605004881.jpg","Rabu, 14 Nov 2018"
"Kiai Hariri, yang Menyingkir dari Ingar Bingar Politik","https://www.nu.or.id/tokoh/kiai-hariri-yang-menyingkir-dari-ingar-bingar-politik-qijek","https://storage.nu.or.id/storage/post/16_9/mid/15420280965be97b40d5fb4.jpg","Senin, 12 Nov 2018"
"Al-Biruni, Ilmuwan Muslim Penghitung Pertama Keliling Bumi","https://www.nu.or.id/tokoh/al-biruni-ilmuwan-muslim-penghitung-pertama-keliling-bumi-dfGdV","https://storage.nu.or.id/storage/post/16_9/mid/15417555545be552a202405.jpg","Jumat, 9 Nov 2018"
"Mengenal Sosok Habib Umar bin Hafidz","https://www.nu.or.id/tokoh/mengenal-sosok-habib-umar-bin-hafidz-8jrAf","https://storage.nu.or.id/storage/post/16_9/mid/15399411665bc9a32e8ed64.JPG","Jumat, 19 Okt 2018"
"KH Madiyani Iskandar, Ulama NU Bersahaja dari Pasuruan","https://www.nu.or.id/tokoh/kh-madiyani-iskandar-ulama-nu-bersahaja-dari-pasuruan-A1CwZ","https://storage.nu.or.id/storage/post/16_9/mid/15396119375bc49d211f7aa.jpg","Senin, 15 Okt 2018"
"Gus Dur dan Orang yang Membentuk Karakternya","https://www.nu.or.id/tokoh/gus-dur-dan-orang-yang-membentuk-karakternya-lajKB","https://storage.nu.or.id/storage/post/16_9/mid/15390691235bbc54c375b42.jpg","Selasa, 9 Okt 2018"
"Belajar Tawadhu' dari Kiai Masbuhin Faqih, Mamba'us Sholihin","https://www.nu.or.id/tokoh/belajar-tawadhu-dari-kiai-masbuhin-faqih-mambaus-sholihin-FQiPF","https://storage.nu.or.id/storage/post/16_9/mid/15389333705bba427a5a85f.jpg","Ahad, 7 Okt 2018"
"Habib Utsman Rais Syuriyah PWNU Jabar 1960-1970","https://www.nu.or.id/tokoh/habib-utsman-rais-suriyah-pwnu-jabar-1960-1970-HqjbN","https://storage.nu.or.id/storage/post/16_9/mid/15383348325bb1207016b50.JPG","Ahad, 30 Sep 2018"
"KH Mas Abdurrahman dari Mathla'ul Anwar ke NU","https://www.nu.or.id/tokoh/kh-mas-abdurrahman-dari-mathlaul-anwar-ke-nu-vcGxp","https://storage.nu.or.id/storage/post/16_9/mid/15381541585bae5eae72c3a.jpg","Jumat, 28 Sep 2018"
"Ibnu Ruslan dan Matan Zubadnya","https://www.nu.or.id/tokoh/ibnu-ruslan-dan-matan-zubadnya-EKxk0","https://storage.nu.or.id/storage/post/16_9/mid/15371426205b9eef5c05222.jpg","Senin, 17 Sep 2018"
"KH Masruri Mughni dan Budaya Menghafal Al-Qur’an Masyarakat Benda","https://www.nu.or.id/tokoh/kh-masruri-mughni-dan-budaya-menghafal-al-quran-masyarakat-benda-uDOol","https://storage.nu.or.id/storage/post/16_9/mid/15368009095b99b88d94482.jpg","Kamis, 13 Sep 2018"
"O. Hulaemi, Ajengan Kuntet dari Garasi","https://www.nu.or.id/tokoh/o-hulaemi-ajengan-kuntet-dari-garasi-N0N45","https://storage.nu.or.id/storage/post/16_9/mid/15347149985b79e47627c41.JPG","Selasa, 21 Agu 2018"
"Kepahlawanan Ajengan Ruhiat Cipasung","https://www.nu.or.id/tokoh/kepahlawanan-ajengan-ruhiat-cipasung-N2JhR","https://storage.nu.or.id/storage/post/16_9/mid/15347056225b79bfd62a22e.jpg","Senin, 20 Agu 2018"
"Fajrul Falaakh Perumus Nilai Dasar Pergerakan PMII","https://www.nu.or.id/tokoh/fajrul-falaakh-perumus-nilai-dasar-pergerakan-pmii-6MpAc","https://storage.nu.or.id/storage/post/16_9/mid/15338536505b6cbfd2ec955.jpg","Kamis, 9 Agu 2018"
"Kiai Abu ‘Amar, Cucu Panglima Perang Jawa dan Penerus Kemasyhuran Jamsaren","https://www.nu.or.id/tokoh/kiai-abu-amar-cucu-panglima-perang-jawa-dan-penerus-kemasyhuran-jamsaren-cznKJ","https://storage.nu.or.id/storage/post/16_9/mid/15333022065b6455be0350d.jpg","Jumat, 3 Agu 2018"
"Surat-surat Ajengan Fadil Sebelum NU Tasikmalaya Berdiri","https://www.nu.or.id/tokoh/surat-surat-ajengan-fadil-sebelum-nu-tasikmalaya-berdiri-QBITW","https://storage.nu.or.id/storage/post/16_9/mid/15329990905b5fb5b2668f0.jpg","Rabu, 1 Agu 2018"
"Silisilah Ajengan Unung, Tokoh NU Tasikmalaya, Terhubung dengan Hadratussyekh","https://www.nu.or.id/tokoh/ajengan-unung-tokoh-awal-tasikmalaya-VTZYD","https://storage.nu.or.id/storage/post/16_9/mid/15329990675b5fb59b971fc.jpg","Selasa, 31 Jul 2018"
"Kiai Masyhud, Ulama Keprabon Sang Pecinta Alfiah","https://www.nu.or.id/tokoh/kiai-masyhud-ulama-keprabon-sang-pecinta-alfiah-S05mL","https://storage.nu.or.id/storage/post/16_9/mid/15317834785b4d293637058.jpg","Selasa, 17 Jul 2018"
"KH Abdul Halim Leuwimunding Pelopor Koperasi NU","https://www.nu.or.id/tokoh/kh-abdul-halim-leuwimunding-pelopor-koperasi-nu-CkTZ8","https://storage.nu.or.id/storage/post/16_9/mid/15317202845b4c325c5375a.jpg","Sabtu, 14 Jul 2018"
"KH Jawahir Dahlan, Pemilik Suara Nabi Daud","https://www.nu.or.id/tokoh/kh-jawahir-dahlan-pemilik-suara-nabi-daud-3Jwlu","https://storage.nu.or.id/storage/post/16_9/mid/15312321255b44bf7d0b051.jpg","Selasa, 10 Jul 2018"
"Ajengan Abdullah, Santri Hadratussyekh dari Cicukang Bandung","https://www.nu.or.id/tokoh/ajengan-abdullah-santri-hadratussyekh-dari-cicukang-bandung-Mjmtk","https://storage.nu.or.id/storage/post/16_9/mid/15296026015b2be229aa05c.jpg","Jumat, 22 Jun 2018"
"KH Hasyim Asy’ari Orang Terkemuka di Indonesia","https://www.nu.or.id/tokoh/kh-hasyim-asyari-orang-terkemuka-di-indonesia-Y4vlA","https://storage.nu.or.id/storage/post/16_9/mid/15270802355b05652bc68e1.jpg","Rabu, 23 Mei 2018"
"KH Hasyim Ihsan, Pusaka NU dari Pesantren Tremas","https://www.nu.or.id/tokoh/kh-hasyim-ihsan-pusaka-nu-dari-pesantren-tremas-a3A0Y","https://storage.nu.or.id/storage/post/16_9/mid/15242738795ada92d744616.jpg","Sabtu, 21 Apr 2018"
"Dakwah Kiai Abu Syuja' di Mojotengah","https://www.nu.or.id/tokoh/dakwah-kiai-abu-syuja-di-mojotengah-DiX25","https://storage.nu.or.id/storage/post/16_9/mid/15235259895acf29653f029.jpg","Kamis, 12 Apr 2018"
"KH Hasyim Muzadi: Dari Memimpin Ranting NU sampai Muslim Dunia","https://www.nu.or.id/tokoh/kh-hasyim-muzadi-dari-memimpin-ranting-nu-sampai-muslim-dunia-QlQ40","https://storage.nu.or.id/storage/post/16_9/mid/1630755250.jpg","Ahad, 8 Apr 2018"
"Mengenal Lebih Dekat Kiai Ali Mustafa Yaqub","https://www.nu.or.id/tokoh/mengenal-lebih-dekat-kiai-ali-mustafa-yaqub-4wAG2","https://storage.nu.or.id/storage/post/16_9/mid/15231268575ac91249190e3.jpg","Sabtu, 7 Apr 2018"
"Masa Kecil dan Remaja Kiai Ali Mustafa Yaqub","https://www.nu.or.id/tokoh/masa-kecil-dan-remaja-kiai-ali-mustafa-yaqub-v3AaA","https://storage.nu.or.id/storage/post/16_9/mid/15230658545ac823fe1b87e.jpg","Sabtu, 7 Apr 2018"
"M Said Budairy, Jurnalis Andal yang Aktivis Pergerakan","https://www.nu.or.id/tokoh/m-said-budairy-jurnalis-andal-yang-aktivis-pergerakan-AxjFQ","https://storage.nu.or.id/storage/post/16_9/mid/15216930355ab3316b704ae.JPG","Kamis, 22 Mar 2018"
"KH Achmad Shaleh Binaspa, Potret Keteladanan Ulama Lokal","https://www.nu.or.id/tokoh/kh-achmad-shaleh-binaspa-potret-keteladanan-ulama-lokal-nk6z6","https://storage.nu.or.id/storage/post/16_9/mid/15215068655ab05a31066b3.jpg","Selasa, 20 Mar 2018"
"Mbah Zein, Kiai Sederhana Penuh Talenta","https://www.nu.or.id/tokoh/mbah-zein-kiai-sederhana-penuh-talenta-9UNYa","https://storage.nu.or.id/storage/post/16_9/mid/15214993905ab03cfe49b5b.jpg","Selasa, 20 Mar 2018"
"KH Anwari Faqih Bawean, Pendidik Visioner","https://www.nu.or.id/tokoh/kh-anwari-faqih-bawean-pendidik-visioner-ArMAc","https://storage.nu.or.id/storage/post/16_9/mid/15212747915aaccfa7a3051.JPG","Sabtu, 17 Mar 2018"
"Nyai Aisyah Hamid Baidlowi, Memajukan Kiprah Perempuan Indonesia","https://www.nu.or.id/tokoh/nyai-aisyah-hamid-baidlowi-memajukan-kiprah-perempuan-indonesia-KKRZs","https://storage.nu.or.id/storage/post/16_9/mid/15205053945aa11232dbf1b.jpg","Kamis, 8 Mar 2018"
"Al-Khazini, Pencetus Teori Gravitasi","https://www.nu.or.id/tokoh/al-khazini-pencetus-teori-gravitasi-LZIfB","https://storage.nu.or.id/storage/post/16_9/mid/15204135795a9fab8b11c61.JPG","Rabu, 7 Mar 2018"
"Mas Sugeng Yudadiwirya Organisator Cakap NU Awal Berdiri","https://www.nu.or.id/tokoh/mas-sugeng-yudadiwirya-organisator-cakap-nu-awal-berdiri-mx1WD","https://storage.nu.or.id/storage/post/16_9/mid/15203235675a9e4befdd68a.jpg","Selasa, 6 Mar 2018"
"KH Asmoeni Iskandar, Tokoh IPNU Angkatan 54","https://www.nu.or.id/tokoh/kh-asmoeni-iskandar-tokoh-ipnu-angkatan-54-NF4Be","https://storage.nu.or.id/storage/post/16_9/mid/15196277245a93adcc9760f.jpg","Senin, 26 Feb 2018"
"Nahrawi Abdussalam, Ulama Syafi’iyah Berkaliber Dunia asal Indonesia","https://www.nu.or.id/tokoh/nahrawi-abdussalam-ulama-syafiiyah-berkaliber-dunia-asal-indonesia-zfEfv","https://storage.nu.or.id/storage/post/16_9/mid/15189992245a8a16b8cefb4.jpg","Senin, 19 Feb 2018"
"Dua Ajengan Ahmad Dimyati dari Bandung","https://www.nu.or.id/tokoh/dua-ajengan-ahmad-dimyati-dari-bandung-vqenJ","https://storage.nu.or.id/storage/post/16_9/mid/15187753145a86ac12cb655.jpg","Jumat, 16 Feb 2018"
"Mengenal Mahbub Djunaidi, Sang Pendekar Pena","https://www.nu.or.id/tokoh/mengenal-mahbub-djunaidi-sang-pendekar-pena-ayDz4","https://storage.nu.or.id/storage/post/16_9/mid/15174891485a730bfc9c623.jpg","Ahad, 4 Feb 2018"
"Sisi Senyap KH Idham Chalid","https://www.nu.or.id/tokoh/sisi-senyap-kh-idham-chalid-WqkSU","https://storage.nu.or.id/storage/post/16_9/mid/15175658465a74379698696.jpg","Jumat, 2 Feb 2018"
"Mengenang Gus Najib, Kiai Serba Bisa dari Banjarnegara","https://www.nu.or.id/tokoh/mengenang-gus-najib-kiai-serba-bisa-dari-banjarnegara-JiHoB","https://storage.nu.or.id/storage/post/16_9/mid/15161964395a5f52570d51a.JPG","Rabu, 17 Jan 2018"
"Ajengan Abdurrohim, Tokoh Pendiri Pesantren di Banjar","https://www.nu.or.id/tokoh/ajengan-abdurrohim-tokoh-pendiri-pesantren-di-banjar-OLKCN","https://storage.nu.or.id/storage/post/16_9/mid/15160683145a5d5dda99d9b.jpg","Selasa, 16 Jan 2018"
"Depati Amir dan Dakwah Islam Ramah di Tanah Pengasingan Kupang","https://www.nu.or.id/tokoh/depati-amir-dan-dakwah-islam-ramah-di-tanah-pengasingan-kupang-li7Mh","https://storage.nu.or.id/storage/post/16_9/mid/15155714885a55c9206e4d7.jpg","Rabu, 10 Jan 2018"
"Sejarah Hidup KH Ngali Hasyim","https://www.nu.or.id/tokoh/sejarah-hidup-kh-ngali-hasyim-jR9z2","https://storage.nu.or.id/storage/post/16_9/mid/15152460815a50d201d3754.jpg","Senin, 8 Jan 2018"
"Al-Battani, Ulama Ahli Astronomi","https://www.nu.or.id/tokoh/al-battani-ulama-ahli-astronomi-a14DL","https://storage.nu.or.id/storage/post/16_9/mid/15149238825a4be76a8a99d.jpg","Selasa, 2 Jan 2018"
"KH Cucu Komarudin Sukabumi dan Pesantren Taman Surga","https://www.nu.or.id/tokoh/kh-cucu-komarudin-sukabumi-dan-pesantren-taman-surga-mJ8Dg","https://storage.nu.or.id/storage/post/16_9/mid/15145193425a45bb2ee6f80.jpg","Jumat, 29 Des 2017"
"Yaqut Al-Hamawi, Ahli Geografi dari Anatolia","https://www.nu.or.id/tokoh/yaqut-al-hamawi-ahli-geografi-dari-anatolia-E4a4P","https://storage.nu.or.id/storage/post/16_9/mid/15137382825a39d02ab5353.jpg","Rabu, 20 Des 2017"
"Inilah Para Politisi Perempuan NU Generasi Awal","https://www.nu.or.id/tokoh/inilah-para-politisi-perempuan-nu-generasi-awal-9z95r","https://storage.nu.or.id/storage/post/16_9/mid/15135816895a376c799ade1.jpg","Senin, 18 Des 2017"
"KH Ahmad Hanafiah, Ulama Pejuang dari Lampung","https://www.nu.or.id/tokoh/kh-ahmad-hanafiah-ulama-pejuang-dari-lampung-t9aQp","https://storage.nu.or.id/storage/post/16_9/mid/15126528945a29405e0239a.jpg","Kamis, 7 Des 2017"
"TGH Shaleh Hambali, Jimat NU di Pulau Lombok","https://www.nu.or.id/tokoh/tgh-shaleh-hambali-jimat-nu-di-pulau-lombok-jXIlt","https://storage.nu.or.id/storage/post/16_9/mid/15117136965a1aeba0b05cd.jpg","Ahad, 26 Nov 2017"
"Hikayat Perjuangan KH Abdul Wahab Chasbullah","https://www.nu.or.id/tokoh/hikayat-perjuangan-kh-abdul-wahab-chasbullah-uVSHq","https://storage.nu.or.id/storage/post/16_9/mid/15102250635a0434a77252e.jpg","Jumat, 10 Nov 2017"
"Antara Syekh Mahfuzh Tremas dan Kiai Sholeh Darat","https://www.nu.or.id/tokoh/antara-syekh-mahfuzh-tremas-dan-kiai-sholeh-darat-hBdwJ","https://storage.nu.or.id/storage/post/16_9/mid/150782688759df9cc71da1d.jpg","Kamis, 12 Okt 2017"
"Sulthanah Shafiatuddin, Nakhoda Perempuan Pertama Kerajaan Aceh Darussalam","https://www.nu.or.id/tokoh/sulthanah-shafiatuddin-nakhoda-perempuan-pertama-kerajaan-aceh-darussalam-Zy1Mu","https://storage.nu.or.id/storage/post/16_9/mid/150773542359de377f533db.jpg","Rabu, 11 Okt 2017"
"KH Harits Dimyathi, Kitab Sejarah dari Tremas","https://www.nu.or.id/tokoh/kh-harits-dimyathi-kitab-sejarah-dari-tremas-4Eh1e","https://storage.nu.or.id/storage/post/16_9/mid/150747957359da5015556a8.jpg","Senin, 9 Okt 2017"
"Pesan Cinta KH Ali Maksum untuk NU","https://www.nu.or.id/tokoh/pesan-cinta-kh-ali-maksum-untuk-nu-tOUl3","https://storage.nu.or.id/storage/post/16_9/mid/150597412259c3576a37361.jpg","Kamis, 21 Sep 2017"
"KH Ma’ruf Mangunwiyoto, Pemimpin Barisan Kyai Jawa Tengah","https://www.nu.or.id/tokoh/kh-maruf-mangunwiyoto-pemimpin-barisan-kyai-jawa-tengah-0FFco","https://storage.nu.or.id/storage/post/16_9/mid/1503470887599d25273f4aa.jpg","Rabu, 23 Agu 2017"
"Kealiman Syekh Muhammad Ahyad Bogor Bergema di Masjidil Haram","https://www.nu.or.id/tokoh/kealiman-syekh-muhammad-ahyad-bogor-bergema-di-masjidil-haram-nrrNM","https://storage.nu.or.id/storage/post/16_9/mid/150321952359994f43d914e.jpg","Ahad, 20 Agu 2017"
"Kiai Maja, Ahli Strategi dan Perang Gerilya dari Pesantren","https://www.nu.or.id/tokoh/kiai-maja-ahli-strategi-dan-perang-gerilya-dari-pesantren-fSFWJ","https://storage.nu.or.id/storage/post/16_9/mid/15031277285997e8b0961a4.jpg","Sabtu, 19 Agu 2017"
"Mbah Sholeh Darat, Sang Ghazali Kecil dari Semarang","https://www.nu.or.id/tokoh/mbah-sholeh-darat-sang-ghazali-kecil-dari-semarang-G6ChH","https://storage.nu.or.id/storage/post/16_9/mid/150215946059892264c424e.jpg","Selasa, 8 Agu 2017"
"KH Abdul Adhim Cholil, Pejuang Islam Aswaja dari Sumenep","https://www.nu.or.id/tokoh/kh-abdul-adhim-cholil-pejuang-islam-aswaja-dari-sumenep-6JWpn","https://storage.nu.or.id/storage/post/16_9/mid/15020840905987fbfad37fd.jpg","Senin, 7 Agu 2017"
"Kiai Syarfuddin Abdus Shomad, Ulama Sumenep yang Istiqomah di Jalur Kultural","https://www.nu.or.id/tokoh/kiai-syarfuddin-abdus-shomad-ulama-sumenep-yang-istiqomah-di-jalur-kultural-ZJC7G","https://storage.nu.or.id/storage/post/16_9/mid/1501502732597f1d0c5bb3f.jpg","Senin, 31 Jul 2017"
"Ajengan Haur Kuning dan Enam Wasiatnya","https://www.nu.or.id/tokoh/ajengan-haur-kuning-dan-enam-wasiatnya-N9b0P","https://storage.nu.or.id/storage/post/16_9/mid/15009619945976dccada2ab.jpg","Selasa, 25 Jul 2017"
"KH Mohammad Tolhah bin Sulaiman Sosok Ahlul-Qur’an","https://www.nu.or.id/tokoh/kh-mohammad-tolhah-bin-sulaiman-sosok-ahlul-quran-hGavV","https://storage.nu.or.id/storage/post/16_9/mid/150079480659744fb63fcc5.jpg","Ahad, 23 Jul 2017"
"Kiai Muchit Muzadi dan Kegemarannya","https://www.nu.or.id/tokoh/kiai-muchit-muzadi-dan-kegemarannya-Fta9Y","https://storage.nu.or.id/storage/post/16_9/mid/1500300835596cc6233114d.jpg","Senin, 17 Jul 2017"
"Sulaiman Zuhdi, Kiai Tarekat, Seni, hingga Ekonomi","https://www.nu.or.id/tokoh/sulaiman-zuhdi-kiai-tarekat-seni-hingga-ekonomi-5TEBc","https://storage.nu.or.id/storage/post/16_9/mid/149988862559667bf19bc3b.jpg","Sabtu, 15 Jul 2017"
"KH Zainal Abidin, Pendiri Pesantren Tertua di Blora","https://www.nu.or.id/tokoh/kh-zainal-abidin-pendiri-pesantren-tertua-di-blora-jEAxa","https://storage.nu.or.id/storage/post/16_9/mid/14988004895955e169bbdbf.jpg","Jumat, 30 Jun 2017"
"Prof. Soenarjo, Menteri Dalam Negeri dari NU","https://www.nu.or.id/tokoh/prof-soenarjo-menteri-dalam-negeri-dari-nu-69kQz","https://storage.nu.or.id/storage/post/16_9/mid/14987976105955d62a0ca15.jpg","Jumat, 30 Jun 2017"
"Ajengan Tubagus Bakri Merespon Gerakan Wahabisme","https://www.nu.or.id/tokoh/ajengan-tubagus-bakri-merespon-gerakan-wahabisme-e8RJx","https://storage.nu.or.id/storage/post/16_9/mid/1496855502593833ce5d404.jpg","Kamis, 8 Jun 2017"
"Mbah Liem Pencetus ‘NKRI Harga Mati, Pancasila Jaya’","https://www.nu.or.id/tokoh/mbah-liem-pencetus-nkri-harga-mati-pancasila-jaya-7H7bp","https://storage.nu.or.id/storage/post/16_9/mid/14947265435917b78f9104b.jpg","Ahad, 14 Mei 2017"
"KH Hasyim Muzadi, Komitmen Kebangsaan dan Moderasi Islam","https://www.nu.or.id/tokoh/kh-hasyim-muzadi-komitmen-kebangsaan-dan-moderasi-islam-347PF","https://storage.nu.or.id/storage/post/16_9/mid/148965076458ca444c295e4.JPG","Kamis, 16 Mar 2017"
"Kiai Mas Alwi, Pendiri Nahdlatul Ulama yang Terlupa","https://www.nu.or.id/tokoh/kiai-mas-alwi-pendiri-nahdlatul-ulama-yang-terlupa-U0l4G","https://storage.nu.or.id/storage/post/16_9/mid/148897894258c003fece53e.jpg","Kamis, 9 Mar 2017"
"Kiai Abdurrohim bin Abi Hasan, Pribadi Zuhud dan Cinta Ilmu","https://www.nu.or.id/tokoh/kiai-abdurrohim-bin-abi-hasan-pribadi-zuhud-dan-cinta-ilmu-DitKx","https://storage.nu.or.id/storage/post/16_9/mid/148784395558aeb2731a54e.jpg","Kamis, 23 Feb 2017"
"Sembilan Akhlak Utama KH Nafi’ Abdillah Kajen","https://www.nu.or.id/tokoh/sembilan-akhlak-utama-kh-nafi-abdillah-kajen-KpwQl","https://storage.nu.or.id/storage/post/16_9/mid/148755338058aa4364f2b31.jpg","Senin, 20 Feb 2017"
"KH Ma'ruf Amin, Sosok Ahli Fiqih Terampil","https://www.nu.or.id/tokoh/kh-maruf-amin-sosok-ahli-fiqih-terampil-dYWQN","https://storage.nu.or.id/storage/post/16_9/mid/148613011858948bc637bf8.jpg","Jumat, 3 Feb 2017"
"Syekh Nawawi Banten dan Beberapa Pemikiran Pentingnya","https://www.nu.or.id/tokoh/syekh-nawawi-banten-dan-beberapa-pemikiran-pentingnya-vDMUm","https://storage.nu.or.id/storage/post/16_9/mid/14860853625893dcf26027f.jpg","Jumat, 3 Feb 2017"
"Keistimewaan Kiai Taufiq Pekalongan","https://www.nu.or.id/tokoh/keistimewaan-kiai-taufiq-pekalongan-r1798","https://storage.nu.or.id/storage/post/16_9/mid/1485460410588a53ba814fb.jpg","Kamis, 26 Jan 2017"
"Mbah Kuwu Sangkan, Tokoh Babad Alas Islam Cirebon","https://www.nu.or.id/tokoh/mbah-kuwu-sangkan-tokoh-babad-alas-islam-cirebon-0oyt2","https://storage.nu.or.id/storage/post/16_9/mid/14852841395887a32bbe828.JPG","Selasa, 24 Jan 2017"
"Mengenal Lebih Dekat KH Said Aqil Siroj","https://www.nu.or.id/tokoh/mengenal-lebih-dekat-kh-said-aqil-siroj-fZEWE","https://storage.nu.or.id/storage/post/16_9/mid/1484716694587efa967e942.JPG","Rabu, 18 Jan 2017"
"Asa Bafaqih, Wartawan dan Diplomat Andal Indonesia","https://www.nu.or.id/tokoh/asa-bafaqih-wartawan-dan-diplomat-andal-indonesia-N4vRx","https://storage.nu.or.id/storage/post/16_9/mid/14837791095870ac25543fb.jpg","Sabtu, 7 Jan 2017"
"Pengabdian Tanpa Batas Mbah Umar Syahid","https://www.nu.or.id/tokoh/pengabdian-tanpa-batas-mbah-umar-syahid-UjHfd","https://storage.nu.or.id/storage/post/16_9/mid/1483581140586da6d474bd3.jpg","Kamis, 5 Jan 2017"
"Kiai Umar Solo dan Ketertarikan Seorang Tionghoa","https://www.nu.or.id/tokoh/kiai-umar-solo-dan-ketertarikan-seorang-tionghoa-Vcyhh","https://storage.nu.or.id/storage/post/16_9/mid/14827504965860fa20671e1.jpg","Senin, 26 Des 2016"
"Kiai Syamsuri, Pendiri dan Penggerak NU Banyuwangi","https://www.nu.or.id/tokoh/kiai-syamsuri-pendiri-dan-penggerak-nu-banyuwangi-Xg6Po","https://storage.nu.or.id/storage/post/16_9/mid/14819833105855454ee6b22.jpg","Ahad, 18 Des 2016"
"KH Masduqi Ali Babakan, Sekretaris Pribadi Hadratussyekh Hasyim Asy’ari","https://www.nu.or.id/tokoh/kh-masduqi-ali-babakan-sekretaris-pribadi-hadratussyekh-hasyim-asyari-ujCNl","https://storage.nu.or.id/storage/post/16_9/mid/1481348734584b967ece6dd.jpg","Sabtu, 10 Des 2016"
"Nyai Hindun, Peletak Dasar-dasar Muslimat NU","https://www.nu.or.id/tokoh/nyai-hindun-peletak-dasar-dasar-muslimat-nu-CvkvD","https://storage.nu.or.id/storage/post/16_9/mid/1480545016583f52f877bcc.jpg","Rabu, 30 Nov 2016"
"Nyai Solichah Saifuddin Zuhri: Ibu Sejati yang Tangguh Berorganisasi","https://www.nu.or.id/tokoh/nyai-solichah-saifuddin-zuhri-ibu-sejati-yang-tangguh-berorganisasi-RwiT2","https://storage.nu.or.id/storage/post/16_9/mid/148003202358377f1749c72.jpg","Jumat, 25 Nov 2016"
"Nyai Mahmudah Mawardi Bawa Muslimat NU Jadi Organisasi Progresif","https://www.nu.or.id/tokoh/nyai-mahmudah-mawardi-bawa-muslimat-nu-jadi-organisasi-progresif-CXT5y","https://storage.nu.or.id/storage/post/16_9/mid/1480005868583718ec65cd5.jpg","Jumat, 25 Nov 2016"
"Mengenal Ketua Pertama Muslimat NU, Nyai Chadijah Dahlan","https://www.nu.or.id/tokoh/mengenal-ketua-pertama-muslimat-nu-nyai-chadijah-dahlan-xXQKE","https://storage.nu.or.id/storage/post/16_9/mid/14800051505837161ed4c2c.jpg","Kamis, 24 Nov 2016"
"Nyai Djuaesih, Pelopor Kebangkitan Perempuan NU","https://www.nu.or.id/tokoh/nyai-djuaesih-pelopor-kebangkitan-perempuan-nu-Nzq5W","https://storage.nu.or.id/storage/post/16_9/mid/1480029957583777054acdb.jpg","Rabu, 23 Nov 2016"
"Ajengan Siroj Garut: Syaikh Al-Qurra Makkah Asal Pasundan","https://www.nu.or.id/tokoh/ajengan-siroj-garut-syaikh-al-qurra-makkah-asal-pasundan-2fOFG","https://storage.nu.or.id/storage/post/16_9/mid/1479203028582ad8d49cc8d.jpg","Selasa, 15 Nov 2016"
"KH Moh Tolhah Mansoer, Ahli Hukum Tata Negara Pertama","https://www.nu.or.id/tokoh/kh-moh-tolhah-mansoer-ahli-hukum-tata-negara-pertama-y76CG","https://storage.nu.or.id/storage/post/16_9/mid/14769149395807eefb52f2d.JPG","Kamis, 20 Okt 2016"
"KH Chudlori, Santri Kelana Pendiri API Tegalrejo","https://www.nu.or.id/tokoh/kh-chudlori-santri-kelana-pendiri-api-tegalrejo-xtSIO","https://storage.nu.or.id/storage/post/16_9/mid/147430082057e00b9443414.jpg","Senin, 19 Sep 2016"
"KH Idham Chalid, Putra Pelosok Jadi Pemimpin Nasional","https://www.nu.or.id/tokoh/kh-idham-chalid-putra-pelosok-jadi-pemimpin-nasional-0hrMn","https://storage.nu.or.id/storage/post/16_9/mid/147413769257dd8e5c546bd.jpg","Ahad, 18 Sep 2016"
"Abah Ruhiat, Pendidik dan Pejuang dari Cipasung","https://www.nu.or.id/tokoh/abah-ruhiat-pendidik-dan-pejuang-dari-cipasung-82Zxf","https://storage.nu.or.id/storage/post/16_9/mid/147382230457d8be60aa9d6.jpg","Rabu, 14 Sep 2016"
"Enas Mabarti, Penulis dan Politisi NU dari Garut","https://www.nu.or.id/tokoh/enas-mabarti-penulis-dan-politisi-nu-dari-garut-n1vDu","https://storage.nu.or.id/storage/post/16_9/mid/147254241557c536cf48eb8.jpg","Selasa, 30 Agu 2016"
"Mbah Dimyathi, Santri Hadratussyekh Hasyim Asy'ari dari Sedan","https://www.nu.or.id/tokoh/mbah-dimyathi-santri-hadratussyekh-hasyim-asyari-dari-sedan-JHh6A","https://storage.nu.or.id/storage/post/16_9/mid/147238978157c2e2950f5dd.jpg","Ahad, 28 Agu 2016"
"KH Ahmad Dahlan: Ahli Falak Nusantara","https://www.nu.or.id/tokoh/kh-ahmad-dahlanahli-falak-nusantara-3592M","https://storage.nu.or.id/storage/post/16_9/mid/147210665857be90a2de0cb.jpg","Kamis, 25 Agu 2016"
"Mengenal Mbah Ghozaly bin Lanah, Pendiri Pesantren Sarang","https://www.nu.or.id/tokoh/mengenal-mbah-ghozaly-bin-lanah-pendiri-pesantren-sarang-pDv6m","https://storage.nu.or.id/storage/post/16_9/mid/147183152457ba5de415397.jpg","Senin, 22 Agu 2016"
"KH Ridwan Mujahid, Pendiri NU Asal Semarang","https://www.nu.or.id/tokoh/kh-ridwan-mujahid-pendiri-nu-asal-semarang-D0hPh","https://storage.nu.or.id/storage/post/16_9/mid/147174321357b904ed40eec.jpg","Ahad, 21 Agu 2016"
"KH Mahfudz Cholil Tokoh Pejuang Kemerdekaan dari Lasem","https://www.nu.or.id/tokoh/kh-mahfudz-cholil-tokoh-pejuang-kemerdekaan-dari-lasem-pKDnF","https://storage.nu.or.id/storage/post/16_9/mid/8c80ea9f-89ba-4094-85e8-b741c07af53b_1660200009.webp","Rabu, 3 Agu 2016"
"Abah Afandi, Kedalaman Ilmu Kitab Kuningnya Diakui Para Kiai","https://www.nu.or.id/tokoh/abah-afandi-kedalaman-ilmu-kitab-kuningnya-diakui-para-kiai-aBJba","https://storage.nu.or.id/storage/post/16_9/mid/14690965245790a24c6aaa8.jpg","Kamis, 21 Jul 2016"
"KH Muhammad Ridwan, Ulama Tawaduk Pecinta Ilmu dari Blitar","https://www.nu.or.id/tokoh/kh-muhammad-ridwan-ulama-tawaduk-pecinta-ilmu-dari-blitar-QdMCx","https://storage.nu.or.id/storage/post/16_9/mid/1468887501578d71cd93445.jpg","Selasa, 19 Jul 2016"
"Syekh Kasyful Anwar, Ulama Besar dari Kalimantan Selatan","https://www.nu.or.id/tokoh/syekh-kasyful-anwar-ulama-besar-dari-kalimantan-selatan-kwaQ1","https://storage.nu.or.id/storage/post/16_9/mid/syekh-kasyful-anwar-ulama-besar-dari-kalimantan-selatan_1643543490.jpg","Kamis, 14 Jul 2016"
"Sufisme Syekh Yusuf al-Makassari","https://www.nu.or.id/tokoh/sufisme-syekh-yusuf-al-makassari-Rn4JJ","https://storage.nu.or.id/storage/post/16_9/mid/146527346357564c771084b.jpg","Selasa, 7 Jun 2016"
"KH Muhammad Yahya, Mursyid Tarekat Penggerak Perang Gerilya","https://www.nu.or.id/tokoh/kh-muhammad-yahya-mursyid-tarekat-penggerak-perang-gerilya-Oj31c","https://storage.nu.or.id/storage/post/16_9/mid/146404667557439453cc172.JPG","Selasa, 24 Mei 2016"
"KH Masduqie Machfudh, Kiai Sederhana yang Dermawan","https://www.nu.or.id/tokoh/kh-masduqie-machfudh-kiai-sederhana-yang-dermawan-FQrBw","https://storage.nu.or.id/storage/post/16_9/mid/1463556200573c1868e1dfc.jpg","Rabu, 18 Mei 2016"
"Subchan ZE: Nyawanya Lenyap Bersama Sejarahnya","https://www.nu.or.id/tokoh/subchan-ze-nyawanya-lenyap-bersama-sejarahnya-G230j","https://storage.nu.or.id/storage/post/16_9/mid/1461677495571f6db70c0fa.jpg","Selasa, 26 Apr 2016"
"KH Hasbullah: Orang Lurus dari Sono-nya","https://www.nu.or.id/tokoh/kh-hasbullah-orang-lurus-dari-sono-nya-N26v2","https://storage.nu.or.id/storage/post/16_9/mid/146122338857187fdc87660.jpg","Kamis, 21 Apr 2016"
"Siapakah HM Laily Mansur? Pendiri PMII Asal Alabio","https://www.nu.or.id/tokoh/siapakah-hm-laily-mansur-pendiri-pmii-asal-alabio-Uz3dT","https://storage.nu.or.id/storage/post/16_9/mid/1460961487571480cf685c6.jpg","Senin, 18 Apr 2016"
"KH Ahmad Dimyati dan Perjuangannya Merintis Pesantren","https://www.nu.or.id/tokoh/kh-ahmad-dimyati-dan-perjuangannya-merintis-pesantren-Pj2fB","https://storage.nu.or.id/storage/post/16_9/mid/14599415195704f08f7a8ce.jpg","Rabu, 6 Apr 2016"
"KH Saleh Lateng Banyuwangi, Pejuang Senyap di Garda Depan Revolusi","https://www.nu.or.id/tokoh/kh-saleh-lateng-banyuwangi-pejuang-senyap-di-garda-depan-revolusi-7FLFP","https://storage.nu.or.id/storage/post/16_9/mid/145933029856fb9cfa9bdb4.jpg","Rabu, 30 Mar 2016"
"KH Achmad Chalwani Berdakwah hingga Mancanegara","https://www.nu.or.id/tokoh/kh-achmad-chalwani-berdakwah-hingga-mancanegara-7hwlh","https://storage.nu.or.id/storage/post/16_9/mid/145931105856fb51d22338b.jpg","Rabu, 30 Mar 2016"
"KH Dalhar Watucongol, Kiai Pejuang dan Cucu Panglima Perang Jawa","https://www.nu.or.id/tokoh/kh-dalhar-watucongol-kiai-pejuang-dan-cucu-panglima-perang-jawa-fycXQ","https://storage.nu.or.id/storage/post/16_9/mid/145888159856f4c43ea9882.jpg","Jumat, 25 Mar 2016"
"KH Zainul Arifin Pohan: Panglima Santri, Bangsawan dari Barus","https://www.nu.or.id/tokoh/kh-zainul-arifin-pohan-panglima-santri-bangsawan-dari-barus-G4YIs","https://storage.nu.or.id/storage/post/16_9/mid/145828372856eba4d007250.jpg","Jumat, 18 Mar 2016"
"KH Masykur: Komandan Sabilillah dari Bumi Arema","https://www.nu.or.id/tokoh/kh-masykur-komandan-sabilillah-dari-bumi-arema-yFe3N","https://storage.nu.or.id/storage/post/16_9/mid/1593941083.jpg","Rabu, 9 Mar 2016"
"Syekh Al-Azhar Abdul Halim Mahmud di Mata Quraish Shihab","https://www.nu.or.id/tokoh/syekh-al-azhar-abdul-halim-mahmud-di-mata-quraish-shihab-8bm1y","https://storage.nu.or.id/storage/post/16_9/mid/145742780656de955eb7b09.jpg","Selasa, 8 Mar 2016"
"KH R. As'ad Syamsul Arifin Mengawal Negara dari Tapal Kuda","https://www.nu.or.id/tokoh/kh-r-asad-syamsul-arifin-mengawal-negara-dari-tapal-kuda-Wm2s3","https://storage.nu.or.id/storage/post/16_9/mid/145712233356d9ec1d736e3.jpg","Jumat, 4 Mar 2016"
"Guru Tohir Rohili Kampung Melayu","https://www.nu.or.id/tokoh/guru-tohir-rohili-kampung-melayu-dFmwn","https://storage.nu.or.id/storage/post/16_9/mid/145702918556d88041972ab.jpg","Kamis, 3 Mar 2016"
"KH Abdul Manan Dipomenggolo Tremas, Pelajar Indonesia Pertama di Al Azhar Mesir","https://www.nu.or.id/tokoh/kh-abdul-manan-dipomenggolo-tremas-pelajar-indonesia-pertama-di-al-azhar-mesir-S6qhs","https://storage.nu.or.id/storage/post/16_9/mid/145648648656d03856b911e.jpg","Jumat, 26 Feb 2016"
"KH Ahmad Muthohar, Mursyid Thariqah Penulis Berbagai Kitab","https://www.nu.or.id/tokoh/kh-ahmad-muthohar-mursyid-thariqah-penulis-berbagai-kitab-8Ts1I","https://storage.nu.or.id/storage/post/16_9/mid/145638347256cea5f00c083.jpg","Kamis, 25 Feb 2016"
"Sayyid Utsman bin Yahya Petamburan","https://www.nu.or.id/tokoh/sayyid-utsman-bin-yahya-petamburan-HhNNR","https://storage.nu.or.id/storage/post/16_9/mid/145597974156c87cdde585c.jpg","Sabtu, 20 Feb 2016"
"KH Subchi Parakan: Kiai Bambu Runcing, Guru Jenderal Soedirman","https://www.nu.or.id/tokoh/kh-subchi-parakan-kiai-bambu-runcing-guru-jenderal-soedirman-y0BIC","https://storage.nu.or.id/storage/post/16_9/mid/145447312956b17fa9b22c5.jpg","Rabu, 3 Feb 2016"
"KH Ahmad Shofawi, Tokoh Alim nan Dermawan","https://www.nu.or.id/tokoh/kh-ahmad-shofawi-tokoh-alim-nan-dermawan-Vbzzu","https://storage.nu.or.id/storage/post/16_9/mid/1453181781569dcb55a1801.jpg","Selasa, 19 Jan 2016"
"Kiai Amin Sepuh: Kiai Sakti di Masa Revolusi","https://www.nu.or.id/tokoh/kiai-amin-sepuh-kiai-sakti-di-masa-revolusi-MbAEL","https://storage.nu.or.id/storage/post/16_9/mid/1452591105.jpg","Selasa, 12 Jan 2016"
"Kiai Jufri, Pejuang NU dan Saksi Sejarah PKI","https://www.nu.or.id/tokoh/kiai-jufri-pejuang-nu-dan-saksi-sejarah-pki-qSF1V","https://storage.nu.or.id/storage/post/16_9/mid/1451990128.JPG","Selasa, 5 Jan 2016"
"KH Bisri Musthofa: Singa Podium Pejuang Kemerdekaan","https://www.nu.or.id/tokoh/kh-bisri-musthofa-singa-podium-pejuang-kemerdekaan-LWdYe","https://storage.nu.or.id/storage/post/16_9/mid/1451552501.jpg","Kamis, 31 Des 2015"
"KH Mahfudh Sumolangu, Pejuang Komandan Angkatan Oemat Islam","https://www.nu.or.id/tokoh/kh-mahfudh-sumolangu-pejuang-komandan-angkatan-oemat-islam-hIzUO","https://storage.nu.or.id/storage/post/16_9/mid/15433180645bfd2a303a7c0.jpg","Selasa, 22 Des 2015"
"Mbah Mahfudh, Kiai Sahal dan Fort Willem I","https://www.nu.or.id/tokoh/mbah-mahfudh-kiai-sahal-dan-fort-willem-i-Zkn7H","https://storage.nu.or.id/storage/post/16_9/mid/1450162011.jpg","Selasa, 15 Des 2015"
"KH Achmad Syaichu, dari Ranting NU sampai Presiden OIAA","https://www.nu.or.id/tokoh/kh-achmad-syaichu-dari-ranting-nu-sampai-presiden-oiaa-EEV6s","https://storage.nu.or.id/storage/post/16_9/mid/1448256339.jpg","Senin, 23 Nov 2015"
"KH Tubagus Ahmad Bakri, Tokoh dan Guru Sufi Purwakarta (2-Habis)","https://www.nu.or.id/tokoh/kh-tubagus-ahmad-bakri-tokoh-dan-guru-sufi-purwakarta-2-habis-ORnim","https://storage.nu.or.id/storage/post/16_9/mid/1444615794.jpg","Ahad, 11 Okt 2015"
"Sutisna Senjaya, Tokoh Pers dari NU Jabar","https://www.nu.or.id/tokoh/sutisna-senjaya-tokoh-pers-dari-nu-jabar-4MiEU","https://storage.nu.or.id/storage/post/16_9/mid/1444388202.jpg","Jumat, 9 Okt 2015"
"KH Tubagus Ahmad Bakri, Tokoh dan Guru Sufi Purwakarta (1)","https://www.nu.or.id/tokoh/kh-tubagus-ahmad-bakri-tokoh-dan-guru-sufi-purwakarta-1-wjpSY","https://storage.nu.or.id/storage/post/16_9/mid/1444370794.jpg","Jumat, 9 Okt 2015"
"Mengenang Jejak KH Ahmad Siradj Solo","https://www.nu.or.id/tokoh/mengenang-jejak-kh-ahmad-siradj-solo-zn83a","https://storage.nu.or.id/storage/post/16_9/mid/1442066630.jpg","Ahad, 13 Sep 2015"
"KH Masjkur, Komandan Barisan Sabilillah","https://www.nu.or.id/tokoh/kh-masjkur-komandan-barisan-sabilillah-TeVxC","https://storage.nu.or.id/storage/post/16_9/mid/1440421819.JPG","Senin, 24 Agu 2015"
"KH Ma'ruf Amin, Rais Aam Baru PBNU","https://www.nu.or.id/tokoh/kh-ma039ruf-amin-rais-aam-baru-pbnu-qAHkk","https://storage.nu.or.id/storage/post/16_9/mid/1438997400.jpg","Sabtu, 8 Agu 2015"
"KH Abdurahman Mustafa, Mendakwahkan Ahlussunnah wal Jama’ah di NTT","https://www.nu.or.id/tokoh/kh-abdurahman-mustafa-mendakwahkan-ahlussunnah-wal-jamarsquoah-di-ntt-ZNvh9","https://storage.nu.or.id/storage/post/16_9/mid/1437964764.jpg","Senin, 27 Jul 2015"
"KH Muchith Muzadi, Tak Kenal Lelah Berjuang bersama NU","https://www.nu.or.id/tokoh/kh-muchith-muzadi-tak-kenal-lelah-berjuang-bersama-nu-NC9Ot","https://storage.nu.or.id/storage/post/16_9/mid/1437577770.jpg","Kamis, 23 Jul 2015"
"KH Abuya Muhtadi Dimyathi, Mufti Syafi’iyyah Nasionalis dari Banten","https://www.nu.or.id/tokoh/kh-abuya-muhtadi-dimyathi-mufti-syafirsquoiyyah-nasionalis-dari-banten-jdqaL","https://storage.nu.or.id/storage/post/16_9/mid/1437453642.png","Selasa, 21 Jul 2015"
"Habib Muhammad Luthfi bin Yahya, Sosok Pelayan Umat","https://www.nu.or.id/tokoh/habib-muhammad-luthfi-bin-yahya-sosok-pelayan-umat-3ucSw","https://storage.nu.or.id/storage/post/16_9/mid/1437363350.jpg","Senin, 20 Jul 2015"
"Buya Leter, Sosok Pemegang Teguh Agama dengan Adat","https://www.nu.or.id/tokoh/buya-leter-sosok-pemegang-teguh-agama-dengan-adat-QlhRc","https://storage.nu.or.id/storage/post/16_9/mid/1437056801.jpg","Sabtu, 18 Jul 2015"
"Nuh Ad-Dawami, Ajengan bil-Kalam wal-Qolam dari Garut","https://www.nu.or.id/tokoh/nuh-ad-dawami-ajengan-bil-kalam-wal-qolam-dari-garut-Ulz4u","https://storage.nu.or.id/storage/post/16_9/mid/1436894440.JPG","Selasa, 14 Jul 2015"
"KH Saifuddin Amsir dan Karya-karyanya","https://www.nu.or.id/tokoh/kh-saifuddin-amsir-dan-karya-karyanya-R86y6","https://storage.nu.or.id/storage/post/16_9/mid/1436741899.jpg","Ahad, 12 Jul 2015"
"KH Sya’roni Ahmadi, Nasihatnya Selalu Dinantikan Warga","https://www.nu.or.id/tokoh/kh-syarsquoroni-ahmadi-nasihatnya-selalu-dinantikan-warga-PGr7n","https://storage.nu.or.id/storage/post/16_9/mid/1435560923.jpg","Senin, 29 Jun 2015"
"KH Tolchah Hasan, Sosok Kiai Organisator","https://www.nu.or.id/tokoh/kh-tolchah-hasan-sosok-kiai-organisator-z2Iav","https://storage.nu.or.id/storage/post/16_9/mid/1435559451.jpg","Kamis, 25 Jun 2015"
"Pertemuan KH Sanusi Baco dengan Gus Dur dan Pengabdiannya di NU","https://www.nu.or.id/tokoh/pertemuan-kh-sanusi-baco-dengan-gus-dur-dan-pengabdiannya-di-nu-iDY0K","https://storage.nu.or.id/storage/post/16_9/mid/1435559423.jpg","Senin, 22 Jun 2015"
"KH Syamsudin Sulaiman, Pelopor NU di Kabupaten Subang","https://www.nu.or.id/tokoh/kh-syamsudin-sulaiman-pelopor-nu-di-kabupaten-subang-KBNZC","https://storage.nu.or.id/storage/post/16_9/mid/1432618574.jpg","Selasa, 26 Mei 2015"
"KH Mustahal Ahmad, Perintis Tiga Banom NU","https://www.nu.or.id/tokoh/kh-mustahal-ahmad-perintis-tiga-banom-nu-cASfv","https://storage.nu.or.id/storage/post/16_9/mid/1429495213.jpg","Senin, 20 Apr 2015"
"Kiai Ronggo Pembabat Alas Kota Kraksaan Probolinggo","https://www.nu.or.id/tokoh/kiai-ronggo-pembabat-alas-kota-kraksaan-probolinggo-Q18lY","https://storage.nu.or.id/storage/post/16_9/mid/1429252767.jpg","Jumat, 17 Apr 2015"
"Kepahlawanan KH Anwar Musaddad","https://www.nu.or.id/tokoh/kepahlawanan-kh-anwar-musaddad-ri1xR","https://storage.nu.or.id/storage/post/16_9/mid/1428664971.jpg","Jumat, 10 Apr 2015"
"Kiai Abdul Halim Leuwimunding dan Kesederhanaannya","https://www.nu.or.id/tokoh/kiai-abdul-halim-leuwimunding-dan-kesederhanaannya-5MpnO","https://storage.nu.or.id/storage/post/16_9/mid/1421933994.jpg","Kamis, 22 Jan 2015"
"Kiai Gholib, Lampu Terang di ""Bambu Seribu""","https://www.nu.or.id/tokoh/kiai-gholib-lampu-terang-di-quotbambu-seribuquot-hTtWJ","https://storage.nu.or.id/storage/post/16_9/mid/1415995568.jpg","Jumat, 14 Nov 2014"
"Sekilas Riwayat Kiai Umar Al-Muayyad Solo","https://www.nu.or.id/tokoh/sekilas-riwayat-kiai-umar-al-muayyad-solo-cjEYb","https://storage.nu.or.id/storage/post/16_9/mid/1413062999.jpg","Ahad, 12 Okt 2014"
"KHA Musallim Ridlo, Singa Podium dari Banyumas","https://www.nu.or.id/tokoh/kha-musallim-ridlo-singa-podium-dari-banyumas-sB8XV","https://storage.nu.or.id/storage/post/16_9/mid/1408450789.JPG","Selasa, 19 Agu 2014"
"Mengenal Kepribadian Luhur Habib Anis Al-Habsyi","https://www.nu.or.id/tokoh/mengenal-kepribadian-luhur-habib-anis-al-habsyi-xLCEq","https://storage.nu.or.id/storage/post/16_9/mid/1407550701.jpg","Sabtu, 9 Agu 2014"
"Mengenang KH Abdul Hamid Baidlowi","https://www.nu.or.id/tokoh/mengenang-kh-abdul-hamid-baidlowi-WIcSR","https://storage.nu.or.id/storage/post/16_9/mid/1404184175.jpg","Selasa, 1 Jul 2014"
"Kiai Romly Tamim, Penyusun Doa Istighotsah","https://www.nu.or.id/tokoh/kiai-romly-tamim-penyusun-doa-istighotsah-GuQOP","https://storage.nu.or.id/storage/post/16_9/mid/1402883268.JPG","Senin, 16 Jun 2014"
"Kiai Syarif tentang Menuntut Ilmu dan Tirakat","https://www.nu.or.id/tokoh/kiai-syarif-tentang-menuntut-ilmu-dan-tirakat-8pMN9","https://storage.nu.or.id/storage/post/16_9/mid/1402647937.jpg","Jumat, 13 Jun 2014"
"Mahmudah Mawardi, Delapan Periode Memimpin Muslimat","https://www.nu.or.id/tokoh/mahmudah-mawardi-delapan-periode-memimpin-muslimat-lxj01","https://storage.nu.or.id/storage/post/16_9/mid/1401930902.JPG","Kamis, 5 Jun 2014"
"Mengenal KH Usman Abdurrahman Mranggen","https://www.nu.or.id/tokoh/mengenal-kh-usman-abdurrahman-mranggen-l0VDY","https://storage.nu.or.id/storage/post/16_9/mid/1399084650.jpg","Sabtu, 3 Mei 2014"
"KH Amirullah Ilyas: Pejuang Aswaja DKI Jakarta","https://www.nu.or.id/tokoh/kh-amirullah-ilyas-pejuang-aswaja-dki-jakarta-v7Y7p","https://storage.nu.or.id/storage/post/16_9/mid/1398082328.JPG","Senin, 21 Apr 2014"
"Kiai Abdurrahman Mranggen, Pendiri Pesantren dan Pemimpin Tarekat","https://www.nu.or.id/tokoh/kiai-abdurrahman-mranggen-pendiri-pesantren-dan-pemimpin-tarekat-GwsZE","https://storage.nu.or.id/storage/post/16_9/mid/1396963446.jpg","Selasa, 8 Apr 2014"
"KH Abdul Halim Shiddiq Pelopor Ansor dan Muslimat NU Jember","https://www.nu.or.id/tokoh/kh-abdul-halim-shiddiq-pelopor-ansor-dan-muslimat-nu-jember-P8bt7","https://storage.nu.or.id/storage/post/16_9/mid/1395145600.jpg","Selasa, 18 Mar 2014"
"Kiai Manshur Popongan, Mursyid Tarekat Naqsyabandiyah","https://www.nu.or.id/tokoh/kiai-manshur-popongan-mursyid-tarekat-naqsyabandiyah-9H48Y","https://storage.nu.or.id/storage/post/16_9/mid/1392446299.JPG","Sabtu, 15 Feb 2014"
"Kiai Ma’shum bin Ali dan Karya-karyanya","https://www.nu.or.id/tokoh/kiai-marsquoshum-bin-ali-dan-karya-karyanya-4bN30","https://storage.nu.or.id/storage/post/16_9/mid/1585468905.jpg","Jumat, 17 Jan 2014"
"KH Masruri Abdul Mughni Figur Murabbi Sejati","https://www.nu.or.id/tokoh/kh-masruri-abdul-mughni-figur-murabbi-sejati-e5ewo","https://storage.nu.or.id/storage/post/16_9/mid/1389417538.JPG","Sabtu, 11 Jan 2014"
"Mbah Subkhi, Kiai Bambu Runcing","https://www.nu.or.id/tokoh/mbah-subkhi-kiai-bambu-runcing-b5VtK","https://storage.nu.or.id/storage/post/16_9/mid/1384046162.JPG","Ahad, 10 Nov 2013"
"Prof KHR Fathurrahman Kafrawi, Menteri Agama Kedua dari NU","https://www.nu.or.id/tokoh/prof-khr-fathurrahman-kafrawi-menteri-agama-kedua-dari-nu-Fe6mn","https://storage.nu.or.id/storage/post/16_9/mid/1382656824.jpg","Jumat, 25 Okt 2013"
"Pencetak Banyak Hafidzah","https://www.nu.or.id/tokoh/pencetak-banyak-hafidzah-nTjRo","https://storage.nu.or.id/storage/post/16_9/mid/1382624304.jpg","Kamis, 24 Okt 2013"
"KH Abdullah bin Nuh, Ulama Produktif yang Mendunia","https://www.nu.or.id/tokoh/kh-abdullah-bin-nuh-ulama-produktif-yang-mendunia-LvVL4","https://storage.nu.or.id/storage/post/16_9/mid/1381483856.jpg","Sabtu, 12 Okt 2013"
"Wali yang Penuh Karamah","https://www.nu.or.id/tokoh/wali-yang-penuh-karamah-l7t3z","https://storage.nu.or.id/storage/post/16_9/mid/1380773269.jpg","Kamis, 3 Okt 2013"
"Kiai Pedakwah dan Pejuang Kemerdekaan","https://www.nu.or.id/tokoh/kiai-pedakwah-dan-pejuang-kemerdekaan-JRhm0","https://storage.nu.or.id/storage/post/16_9/mid/1379477821.jpg","Rabu, 18 Sep 2013"
"Habib yang menjadi Rais Syuriyah Wonosobo Pertama","https://www.nu.or.id/tokoh/habib-yang-menjadi-rais-syuriyah-wonosobo-pertama-ORSld","https://storage.nu.or.id/storage/post/16_9/mid/1378775151.JPG","Selasa, 10 Sep 2013"
"Mbah Salman, Mursyid Bersahaja nan Kharismatik","https://www.nu.or.id/tokoh/mbah-salman-mursyid-bersahaja-nan-kharismatik-Azibo","https://storage.nu.or.id/storage/post/16_9/mid/1377991144.jpg","Sabtu, 31 Agu 2013"
"Mbah Idris, Pengawal Resolusi Jihad dari Wonosobo","https://www.nu.or.id/tokoh/mbah-idris-pengawal-resolusi-jihad-dari-wonosobo-w42CV","https://storage.nu.or.id/storage/post/16_9/mid/1376753657.JPG","Ahad, 18 Agu 2013"
"Belajar dari KH Muntaha Al-Hafizh","https://www.nu.or.id/tokoh/belajar-dari-kh-muntaha-al-hafizh-H7QQa","https://storage.nu.or.id/storage/post/16_9/mid/1376278463.JPG","Senin, 12 Agu 2013"
"KH Muslih Abdurrahman Mranggen","https://www.nu.or.id/tokoh/kh-muslih-abdurrahman-mranggen-tS81a","https://storage.nu.or.id/storage/post/16_9/mid/1373489759.jpeg","Kamis, 11 Jul 2013"
"Hasan Gipo: Sudagar-Aktivis, Ketua Tanfidziyah NU Pertama (2-habis)","https://www.nu.or.id/tokoh/sudagar-aktivis-ketua-tanfidziyah-nu-pertama-2-habis-sentx","https://storage.nu.or.id/storage/post/16_9/mid/15217116485ab37a205e822.jpg","Rabu, 3 Jul 2013"
"Hasan Gipo: Sudagar-Aktivis, Ketua Tanfidziyah NU Pertama (1)","https://www.nu.or.id/tokoh/sudagar-aktivis-ketua-tanfidziyah-nu-pertama-1-F0FLI","https://storage.nu.or.id/storage/post/16_9/mid/15217110855ab377edd614c.jpg","Jumat, 14 Jun 2013"
"Mbah Liem, Ulama Nasionalis Sejati","https://www.nu.or.id/tokoh/mbah-liem-ulama-nasionalis-sejati-WyAII","https://storage.nu.or.id/storage/post/16_9/mid/1371087456.jpg","Kamis, 13 Jun 2013"
"Kiai Ali Maksum dan Dinamisasi Teks-teks Klasik","https://www.nu.or.id/tokoh/kiai-ali-maksum-dan-dinamisasi-teks-teks-klasik-ONM3q","https://storage.nu.or.id/storage/post/16_9/mid/1369798903.jpg","Rabu, 29 Mei 2013"
"KH Zaini Munâ€™im, Seorang Santri Mbah Hasyim","https://www.nu.or.id/tokoh/kh-zaini-munacircim-seorang-santri-mbah-hasyim-65Ucj","https://storage.nu.or.id/storage/post/16_9/mid/1369490664.jpeg","Sabtu, 25 Mei 2013"
"Mengenal Kiai Umar Sumberwringin Jember","https://www.nu.or.id/tokoh/mengenal-kiai-umar-sumberwringin-jember-6qrI9","https://storage.nu.or.id/storage/post/16_9/mid/1368971172.JPG","Ahad, 19 Mei 2013"
"Mengenal Kiai Hisyam Kalijaran Purbalingga","https://www.nu.or.id/tokoh/mengenal-kiai-hisyam-kalijaran-purbalingga-gMS4t","https://storage.nu.or.id/storage/post/16_9/mid/1368604784.jpg","Rabu, 15 Mei 2013"
"Mahbub Junaidi, Sang Pendekar Pena","https://www.nu.or.id/tokoh/mahbub-junaidi-sang-pendekar-pena-DVpUC","https://storage.nu.or.id/storage/post/16_9/mid/1366254608.jpg","Kamis, 18 Apr 2013"
"Pak Djamal, Tokoh Film Nasional","https://www.nu.or.id/tokoh/pak-djamal-tokoh-film-nasional-SlVuq","https://storage.nu.or.id/storage/post/16_9/mid/1363482711.jpg","Ahad, 17 Mar 2013"
"Umroh Machfudzoh, Srikandi Pejuang NU","https://www.nu.or.id/tokoh/umroh-machfudzoh-srikandi-pejuang-nu-1eFqx","https://storage.nu.or.id/storage/post/16_9/mid/1363063835.jpg","Selasa, 12 Mar 2013"
"Sosok Ulama yang Komplit","https://www.nu.or.id/tokoh/sosok-ulama-yang-komplit-5cX1s","https://storage.nu.or.id/storage/post/16_9/mid/1362634626.jpg","Kamis, 7 Mar 2013"
"Sepenggal Kisah Abdullah Ubaid","https://www.nu.or.id/tokoh/sepenggal-kisah-abdullah-ubaid-MmPgx","https://storage.nu.or.id/storage/post/16_9/mid/1361020779.jpg","Sabtu, 16 Feb 2013"
"Mengenal Prof. K.H.R. Muhammad Adnan","https://www.nu.or.id/tokoh/mengenal-prof-khr-muhammad-adnan-4Zqx2","https://storage.nu.or.id/storage/post/16_9/mid/1359719962.jpg","Jumat, 1 Feb 2013"
"Kesetiaan Kiai Ali Yasin","https://www.nu.or.id/tokoh/kesetiaan-kiai-ali-yasin-6L8iB","https://storage.nu.or.id/storage/post/16_9/mid/1359191653.jpg","Sabtu, 26 Jan 2013"
"Berjuang dan Mendidik Hingga Akhir Hayat","https://www.nu.or.id/tokoh/berjuang-dan-mendidik-hingga-akhir-hayat-WiMLE","https://storage.nu.or.id/storage/post/16_9/mid/1358519820.jpg","Jumat, 18 Jan 2013"
"Mursyid Abdul Ghoni Atau Mbah Ahmad Sadjadi","https://www.nu.or.id/tokoh/mursyid-abdul-ghoni-atau-mbah-ahmad-sadjadi-tpUBz","https://storage.nu.or.id/storage/post/16_9/mid/1358276017.jpg","Rabu, 16 Jan 2013"
"Abuya Dimyati, Keramat dari Barat","https://www.nu.or.id/tokoh/abuya-dimyati-keramat-dari-barat-cUPdq","https://storage.nu.or.id/storage/post/16_9/mid/1354673628.jpg","Rabu, 5 Des 2012"
"Anwar Musaddad, Kiai yang Dosen","https://www.nu.or.id/tokoh/anwar-musaddad-kiai-yang-dosen-cCwyw","https://storage.nu.or.id/storage/post/16_9/mid/1353930403.jpg","Senin, 26 Nov 2012"
"Mengenal Almarhum KH Cholil Bisri","https://www.nu.or.id/tokoh/mengenal-almarhum-kh-cholil-bisri-nZ4e6","https://storage.nu.or.id/storage/post/16_9/mid/1351669648.jpg","Rabu, 31 Okt 2012"
"Aisyah Dahlan, Pejuang NU dari Minang","https://www.nu.or.id/tokoh/aisyah-dahlan-pejuang-nu-dari-minang-1zC4T","https://storage.nu.or.id/storage/post/16_9/mid/1351467335.jpg","Ahad, 28 Okt 2012"
"Merangkul Penjahat dan Bromocorah dengan Seni Lokal","https://www.nu.or.id/tokoh/merangkul-penjahat-dan-bromocorah-dengan-seni-lokal-gJ6CU","https://storage.nu.or.id/storage/post/16_9/mid/1351062874.JPG","Rabu, 24 Okt 2012"
"Berbekal Ilmu Kanuragan, Terapkan Kedisiplinan di Tebuireng","https://www.nu.or.id/tokoh/berbekal-ilmu-kanuragan-terapkan-kedisiplinan-di-tebuireng-irqpa","https://storage.nu.or.id/storage/post/16_9/mid/1350463591.jpg","Rabu, 17 Okt 2012"
"Abdul Karim, Peletak Tarekat Qadiriyah wa Naqsyabandiyah","https://www.nu.or.id/tokoh/abdul-karim-peletak-tarekat-qadiriyah-wa-naqsyabandiyah-edyyx","https://storage.nu.or.id/storage/post/16_9/mid/1349671043.jpg","Senin, 8 Okt 2012"
"Kiai Haji Imron Hamzah","https://www.nu.or.id/tokoh/kiai-haji-imron-hamzah-pcEBO","https://storage.nu.or.id/storage/post/16_9/mid/1349160603.JPG","Selasa, 2 Okt 2012"
"Abd. Muin Yusuf: Accemali-Maliko Naekiyaa aja Numali","https://www.nu.or.id/tokoh/abd-muin-yusuf-accemali-maliko-naekiyaa-aja-numali-5AK0k","https://storage.nu.or.id/storage/post/16_9/mid/1347676912.JPG","Sabtu, 15 Sep 2012"
"Dari Kitab Kuning hingga Ilmu Kanuragan","https://www.nu.or.id/tokoh/dari-kitab-kuning-hingga-ilmu-kanuragan-L47EH","https://storage.nu.or.id/storage/post/16_9/mid/1347430330.jpg","Rabu, 12 Sep 2012"
"Haji Abu Bakar Aceh","https://www.nu.or.id/tokoh/haji-abu-bakar-aceh-PjKLF","https://storage.nu.or.id/storage/post/16_9/mid/1347258507.jpg","Senin, 10 Sep 2012"
"Kiai Saleh Darat, dari Pengarang hingga Pejuang","https://www.nu.or.id/tokoh/kiai-saleh-darat-dari-pengarang-hingga-pejuang-ZY9TI","https://storage.nu.or.id/storage/post/16_9/mid/1346056201.jpg","Senin, 27 Agu 2012"
"Mengenal Kiai Bisri, Mengenal Fiqih","https://www.nu.or.id/tokoh/mengenal-kiai-bisri-mengenal-fiqih-Y1s6Z","https://storage.nu.or.id/storage/post/16_9/mid/1345389015.jpg","Ahad, 19 Agu 2012"
"Kiai Wahab Hasbullah, Pahlawan Tanpa Gelar","https://www.nu.or.id/tokoh/kiai-wahab-hasbullah-pahlawan-tanpa-gelar-LcZzm","https://storage.nu.or.id/storage/post/16_9/mid/1345127713.jpg","Kamis, 16 Agu 2012"
"Gus Miek, dari Khataman ke Tempat Perjudian","https://www.nu.or.id/tokoh/gus-miek-dari-khataman-ke-tempat-perjudian-WF63E","https://storage.nu.or.id/storage/post/16_9/mid/1344846154.jpg","Senin, 13 Agu 2012"
"Selamatkan Kitab Madzab Syafi'i dari Pembakaran Wahabi","https://www.nu.or.id/tokoh/selamatkan-kitab-madzab-syafi039i-dari-pembakaran-wahabi-kIu13","https://storage.nu.or.id/storage/post/16_9/mid/1344337065.jpg","Selasa, 7 Agu 2012"
"Kiai Muhammad Na'im Memilih Ngaji","https://www.nu.or.id/tokoh/kiai-muhammad-na039im-memilih-ngaji-p3bDZ","https://storage.nu.or.id/storage/post/16_9/mid/1340611450.jpg","Selasa, 26 Jun 2012"
"Kiai Syamsuri Brabo dan Kitabnya","https://www.nu.or.id/tokoh/kiai-syamsuri-brabo-dan-kitabnya-kVfaz","https://storage.nu.or.id/storage/post/16_9/mid/1340090918.jpg","Selasa, 19 Jun 2012"
"Penggerak Jihad Melawan Penjajah, Perintis NU di Bogor","https://www.nu.or.id/tokoh/penggerak-jihad-melawan-penjajah-perintis-nu-di-bogor-xa3ft","https://storage.nu.or.id/storage/post/16_9/mid/1336631395.jpg","Kamis, 10 Mei 2012"
"Pecinta Al-Qur’an Sepanjang Hayat","https://www.nu.or.id/tokoh/pecinta-al-quramprsquoan-sepanjang-hayat-Bc4zq","https://storage.nu.or.id/storage/post/16_9/mid/1328529514.jpeg","Senin, 6 Feb 2012"
"Muhammad Fudoli, dari Pesantren ke Cerpen","https://www.nu.or.id/tokoh/muhammad-fudoli-dari-pesantren-ke-cerpen-riuVx","https://storage.nu.or.id/storage/post/16_9/mid/1326776193.jpg","Selasa, 17 Jan 2012"
"Kata-kata Haji Mahbub","https://www.nu.or.id/tokoh/kata-kata-haji-mahbub-YHgcp","https://storage.nu.or.id/storage/post/16_9/mid/1317616397.jpg","Senin, 3 Okt 2011"
"Pelopor Penerjemahan Al-Qur’an","https://www.nu.or.id/tokoh/pelopor-penerjemahan-al-quramprsquoan-cZIKB","https://storage.nu.or.id/storage/post/16_9/mid/1315614684.jpg","Sabtu, 10 Sep 2011"
"Dari Pesantren untuk Bangsa","https://www.nu.or.id/tokoh/dari-pesantren-untuk-bangsa-Z3INE","https://storage.nu.or.id/storage/post/16_9/mid/news141298622493.jpg","Jumat, 25 Feb 2011"
"Bagaimana M Said Budairy Menjadi NU?","https://www.nu.or.id/tokoh/bagaimana-m-said-budairy-menjadi-nu-bvLID","https://storage.nu.or.id/storage/post/16_9/mid/news111290068160.jpg","Kamis, 18 Nov 2010"
"Ulama yang Sederhana dan Menyukai Kholwat","https://www.nu.or.id/tokoh/ulama-yang-sederhana-dan-menyukai-kholwat-Tn4y4","https://storage.nu.or.id/storage/post/16_9/mid/news141285761078.jpg","Rabu, 29 Sep 2010"
"Orator, Muallif dan Pengasuh Pesantren","https://www.nu.or.id/tokoh/orator-muallif-dan-pengasuh-pesantren-bGRCH","https://storage.nu.or.id/storage/post/16_9/mid/news141276523207.jpg","Senin, 14 Jun 2010"
"Penyebar Thariqoh Naqsyabandiyah di Bumi Paderi","https://www.nu.or.id/tokoh/penyebar-thariqoh-naqsyabandiyah-di-bumi-paderi-CyC3S","https://storage.nu.or.id/storage/post/16_9/mid/news141272877483.jpg","Jumat, 30 Apr 2010"
"Tgk H Abdul Aziz Bin Shaleh, Lahir Belajar dan Berjuang untuk Dayah","https://www.nu.or.id/tokoh/tgk-h-abdul-aziz-bin-shaleh-lahir-belajar-dan-berjuang-untuk-dayah-RugNo","https://storage.nu.or.id/storage/post/16_9/mid/news141268724136.jpg","Selasa, 16 Mar 2010"
"Gus Ishom Mengenalkan Kembali Karya-karya KH HAsyim Asy'ari","https://www.nu.or.id/tokoh/gus-ishom-mengenalkan-kembali-karya-karya-kh-hasyim-asy039ari-8yzdf","https://storage.nu.or.id/storage/post/16_9/mid/news141264665516.jpg","Kamis, 28 Jan 2010"
"Berjalan Kaki 18 Km. ke Gunung Muria untuk Mengajar","https://www.nu.or.id/tokoh/berjalan-kaki-18-km-ke-gunung-muria-untuk-mengajar-TwDW0","https://storage.nu.or.id/storage/post/16_9/mid/news141260891961.jpg","Sabtu, 12 Des 2009"
"Pejuang yang Berdakwah Tanpa Henti","https://www.nu.or.id/tokoh/pejuang-yang-berdakwah-tanpa-henti-7Y2DY","https://storage.nu.or.id/storage/post/16_9/mid/news141256505070.jpg","Ahad, 25 Okt 2009"
"Bermula dari Pengajian Halaqoh di Rumahnya","https://www.nu.or.id/tokoh/bermula-dari-pengajian-halaqoh-di-rumahnya-aMEfT","https://storage.nu.or.id/storage/post/16_9/mid/news141253095570.jpg","Kamis, 17 Sep 2009"
"Mengenang Seabad Sang Wakil Perdana Menteri","https://www.nu.or.id/tokoh/mengenang-seabad-sang-wakil-perdana-menteri-3UdjT","https://storage.nu.or.id/storage/post/16_9/mid/news141248693811.jpg","Jumat, 14 Agu 2009"
"Sifat Manusiawi Sang Tokoh di Mata KH Syaifuddin Zuhri","https://www.nu.or.id/tokoh/sifat-manusiawi-sang-tokoh-di-mata-kh-syaifuddin-zuhri-wF9Cy","https://storage.nu.or.id/storage/post/16_9/mid/news141248837620.jpg","Selasa, 28 Jul 2009"
"Usulnya untuk Mengubah Waktu Haji Diterima Pemerintah Saudi Arabia","https://www.nu.or.id/tokoh/usulnya-untuk-mengubah-waktu-haji-diterima-pemerintah-saudi-arabia-otH5H","https://storage.nu.or.id/storage/post/16_9/mid/news81244618403.jpg","Rabu, 10 Jun 2009"
"Ulama Pelestari Kearifan Lontara Bugis","https://www.nu.or.id/tokoh/ulama-pelestari-kearifan-lontara-bugis-UAQNw","https://storage.nu.or.id/storage/post/16_9/mid/news141241018581.jpg","Sabtu, 2 Mei 2009"
"Anggota Formatur Pembentukan Pengurus NU Pertama","https://www.nu.or.id/tokoh/anggota-formatur-pembentukan-pengurus-nu-pertama-xMqLD","https://storage.nu.or.id/storage/post/16_9/mid/news141238577441.jpg","Rabu, 1 Apr 2009"
"Mengayuh Sepeda 70 km Demi Berdakwah","https://www.nu.or.id/tokoh/mengayuh-sepeda-70-km-demi-berdakwah-vTtkM","https://storage.nu.or.id/storage/post/16_9/mid/news141236514990.jpg","Selasa, 3 Mar 2009"
"Qadhi Luwu dari Bone","https://www.nu.or.id/tokoh/qadhi-luwu-dari-bone-CwdiE","https://storage.nu.or.id/storage/post/16_9/mid/news141233566942.jpg","Ahad, 1 Feb 2009"
"Pengurus SI Hijaz Termuda","https://www.nu.or.id/tokoh/pengurus-si-hijaz-termuda-UWszk","https://storage.nu.or.id/storage/post/16_9/mid/news141231095256.jpg","Kamis, 1 Jan 2009"
"Komandan Hizbullah Pendiri Madrasah Pertama di Blambangan Selatan","https://www.nu.or.id/tokoh/komandan-hizbullah-pendiri-madrasah-pertama-di-blambangan-selatan-M6Q46","https://storage.nu.or.id/storage/post/16_9/mid/news141228138799.jpg","Senin, 1 Des 2008"
"Mursyid Sederhana dan Penyayang Santri Miskin","https://www.nu.or.id/tokoh/mursyid-sederhana-dan-penyayang-santri-miskin-9M7WF","https://storage.nu.or.id/storage/post/16_9/mid/news141225274783.jpg","Sabtu, 1 Nov 2008"
"Ulama Pejuang dan Perintis Pertanian Tembakau","https://www.nu.or.id/tokoh/ulama-pejuang-dan-perintis-pertanian-tembakau-Au2Rs","https://storage.nu.or.id/storage/post/16_9/mid/news141222944523.jpg","Rabu, 1 Okt 2008"
"Syeikh Inyiak Muhammad Jamil Jaho","https://www.nu.or.id/tokoh/syeikh-inyiak-muhammad-jamil-jaho-P8faU","https://storage.nu.or.id/storage/post/16_9/mid/news131220496296.jpg","Selasa, 16 Sep 2008"
"Ulama Asli Betawi yang Disegani para Habaib","https://www.nu.or.id/tokoh/ulama-asli-betawi-yang-disegani-para-habaib-ZODYm","https://storage.nu.or.id/storage/post/16_9/mid/14623258165729523864ca5.jpg","Senin, 1 Sep 2008"
"Guru para Pahlawan Bangsa","https://www.nu.or.id/tokoh/guru-para-pahlawan-bangsa-HJQcq","https://storage.nu.or.id/storage/post/16_9/mid/news141217909872.jpg","Senin, 4 Agu 2008"
"Pendiri NU yang Menyayangi Anak Yatim","https://www.nu.or.id/tokoh/pendiri-nu-yang-menyayangi-anak-yatim-Vcj2q","https://storage.nu.or.id/storage/post/16_9/mid/news81215609906.jpg","Selasa, 1 Jul 2008"
"Selalu Konsisten dengan Madzhab Syafi'i","https://www.nu.or.id/tokoh/selalu-konsisten-dengan-madzhab-syafi039i-ejr5N","https://storage.nu.or.id/storage/post/16_9/mid/news141213699892.jpg","Ahad, 15 Jun 2008"
"Kiai Sederhana yang Mendunia","https://www.nu.or.id/tokoh/kiai-sederhana-yang-mendunia-jMKcp","https://storage.nu.or.id/storage/post/16_9/mid/news81212205517.jpg","Sabtu, 31 Mei 2008"
"Ulama yang Membangun Saluran Irigasi","https://www.nu.or.id/tokoh/ulama-yang-membangun-saluran-irigasi-fEg0T","https://storage.nu.or.id/storage/post/16_9/mid/news81211428240.jpg","Jumat, 2 Mei 2008"
"Berwirausaha untuk Membiayai Pesantren*","https://www.nu.or.id/tokoh/berwirausaha-untuk-membiayai-pesantren-5IPho","https://storage.nu.or.id/storage/post/16_9/mid/news81207140448.jpg","Selasa, 1 Apr 2008"
"Guru para Ahli Falak Indonesia","https://www.nu.or.id/tokoh/guru-para-ahli-falak-indonesia-0YJc5","https://storage.nu.or.id/storage/post/16_9/mid/news81204638359.jpg","Sabtu, 1 Mar 2008"
"Para Ulama Makkah pun Berguru kepadanya","https://www.nu.or.id/tokoh/para-ulama-makkah-pun-berguru-kepadanya-HpCBh","https://storage.nu.or.id/storage/post/16_9/mid/news81201924150.jpg","Jumat, 1 Feb 2008"
"Ketua Muslimat yang Tak Suka ke Super Market","https://www.nu.or.id/tokoh/ketua-muslimat-yang-tak-suka-ke-super-market-qIgol","https://storage.nu.or.id/storage/post/16_9/mid/news81199257665.jpg","Selasa, 1 Jan 2008"
"Ulama Minang Putera Banjar Kelahiran Manado","https://www.nu.or.id/tokoh/ulama-minang-putera-banjar-kelahiran-manado-PLGXx","https://storage.nu.or.id/storage/post/16_9/mid/news81196314681.jpg","Jumat, 30 Nov 2007"
"Gus Maksum, Sang Pendekar Pagar Nusa","https://www.nu.or.id/tokoh/gus-maksum-sang-pendekar-pagar-nusa-1vNxD","https://storage.nu.or.id/storage/post/16_9/mid/1409019474.jpg","Kamis, 1 Nov 2007"
"Panglima Hizbullah, Seorang Negarawan","https://www.nu.or.id/tokoh/panglima-hizbullah-seorang-negarawan-cxXOD","https://storage.nu.or.id/storage/post/16_9/mid/news81187687394.jpg","Sabtu, 1 Sep 2007"
"Berkelanalah, Lalu Kembali ke Kampung Halaman","https://www.nu.or.id/tokoh/berkelanalah-lalu-kembali-ke-kampung-halaman-jwuoB","https://storage.nu.or.id/storage/post/16_9/mid/news21191491780.jpg","Selasa, 31 Jul 2007"
"Dari Militer sampai Pendakwah","https://www.nu.or.id/tokoh/dari-militer-sampai-pendakwah-4Cclu","https://storage.nu.or.id/storage/post/16_9/mid/news081185958080.jpg","Ahad, 1 Jul 2007"
"Melindungi Pengusaha Pribumi","https://www.nu.or.id/tokoh/melindungi-pengusaha-pribumi-EmUsu","https://storage.nu.or.id/storage/post/16_9/mid/news081184145446.jpg","Jumat, 1 Jun 2007"
"Tokoh yang Tegas dan Berkepribadian","https://www.nu.or.id/tokoh/tokoh-yang-tegas-dan-berkepribadian-OfozU","https://storage.nu.or.id/storage/post/16_9/mid/news81181008524.jpg","Selasa, 1 Mei 2007"
"KH Ahmad al-Hadi, Pendiri NU Pertama di Bali","https://www.nu.or.id/tokoh/kh-ahmad-al-hadi-pendiri-nu-pertama-di-bali-MPWWm","https://storage.nu.or.id/storage/post/16_9/mid/kh-ahmad-al-hadi-pendiri-nu-pertama-di-bali_1641888685.jpg","Ahad, 1 Apr 2007"
"Penemu Metode Cepat Belajar Kitab Kuning","https://www.nu.or.id/tokoh/penemu-metode-cepat-belajar-kitab-kuning-Z4xZy","https://storage.nu.or.id/storage/post/16_9/mid/news81173424940.jpg","Kamis, 1 Mar 2007"
"Siapa Bilang Orang Pesantren Tak Bisa Mencipta Teknologi Tinggi","https://www.nu.or.id/tokoh/siapa-bilang-orang-pesantren-tak-bisa-mencipta-teknologi-tinggi-y2jYr","https://storage.nu.or.id/storage/post/16_9/mid/news083457.jpg","Kamis, 4 Jan 2007"
"Penghubung antara Seniman dengan Kiai","https://www.nu.or.id/tokoh/penghubung-antara-seniman-dengan-kiai-osFiH","https://storage.nu.or.id/storage/post/16_9/mid/news083441.jpg","Kamis, 31 Agu 2006"
"Sang Pelindung Pembaruan NU","https://www.nu.or.id/tokoh/sang-pelindung-pembaruan-nu-SMvhB","https://storage.nu.or.id/storage/post/16_9/mid/news08321i.jpg","Sabtu, 17 Jun 2006"
"Menjadikan Fikih Sebagai Pemikiran Sosial yang Dinamis.","https://www.nu.or.id/tokoh/menjadikan-fikih-sebagai-pemikiran-sosial-yang-dinamis-UrjRM","https://storage.nu.or.id/storage/post/16_9/mid/news08322l.jpg","Sabtu, 17 Jun 2006"
"Pemimpin Yang Konsisten","https://www.nu.or.id/tokoh/pemimpin-yang-konsisten-U3mlA","https://storage.nu.or.id/storage/post/16_9/mid/news083232.jpg","Sabtu, 17 Jun 2006"
"Pemimpin Besar Yang Dilupakan","https://www.nu.or.id/tokoh/pemimpin-besar-yang-dilupakan-ZKqPB","https://storage.nu.or.id/storage/post/16_9/mid/","Sabtu, 17 Jun 2006"
"40 Tahun Menjadi “ Pemutar Roda” PBNU","https://www.nu.or.id/tokoh/40-tahun-menjadi-pemutar-roda-pbnu-KumAk","https://storage.nu.or.id/storage/post/16_9/mid/","Sabtu, 17 Jun 2006"
"Diplomat Karir Dari Pesantren","https://www.nu.or.id/tokoh/diplomat-karir-dari-pesantren-uhyso","https://storage.nu.or.id/storage/post/16_9/mid/","Sabtu, 17 Jun 2006"
"Zamroni, Pejuang Yang Konsisten","https://www.nu.or.id/tokoh/zamroni-pejuang-yang-konsisten-DS1lb","https://storage.nu.or.id/storage/post/16_9/mid/","Sabtu, 17 Jun 2006"
"Ketua PBNU yang Penuh Inisiatif","https://www.nu.or.id/tokoh/ketua-pbnu-yang-penuh-inisiatif-cqSgW","https://storage.nu.or.id/storage/post/16_9/mid/","Sabtu, 17 Jun 2006"
"Pakar Astronomi NU","https://www.nu.or.id/tokoh/pakar-astronomi-nu-jQr82","https://storage.nu.or.id/storage/post/16_9/mid/news08329r.jpg","Sabtu, 17 Jun 2006"
"Mengenang Pribadi KH Muslich","https://www.nu.or.id/tokoh/mengenang-pribadi-kh-muslich-zST9X","https://storage.nu.or.id/storage/post/16_9/mid/news08330s.jpg","Sabtu, 17 Jun 2006"
"Memadukan Kitab Kuning dan Ilmu Kanuragan","https://www.nu.or.id/tokoh/memadukan-kitab-kuning-dan-ilmu-kanuragan-BHH22","https://storage.nu.or.id/storage/post/16_9/mid/news08331s.jpg","Sabtu, 17 Jun 2006"
"Simbol Eksistensi NU Sumatera Selatan","https://www.nu.or.id/tokoh/simbol-eksistensi-nu-sumatera-selatan-bQ5Pt","https://storage.nu.or.id/storage/post/16_9/mid/news08332g.gif","Sabtu, 17 Jun 2006"
"Ulama Sejarawan","https://www.nu.or.id/tokoh/ulama-sejarawan-KBaBq","https://storage.nu.or.id/storage/post/16_9/mid/news08333n.jpg","Sabtu, 17 Jun 2006"
"KH. Ruhiat CipasungSeorang Ajengan Patriot","https://www.nu.or.id/tokoh/ltspangtltbrgtltfont-colorff0000-size2gtltbgtkh-ruhiat-cipasungltbgtltspangtltbrgtltfontgtltspangtseorang-ajengan-patriot-aP8kC","https://storage.nu.or.id/storage/post/16_9/mid/news08334t.jpg","Sabtu, 17 Jun 2006"
"Budayawan Aristokrat yang Merakyat","https://www.nu.or.id/tokoh/budayawan-aristokrat-yang-merakyat-pncHu","https://storage.nu.or.id/storage/post/16_9/mid/news0i.jpg","Sabtu, 17 Jun 2006"
"Tokoh Revolusioner Abad 20","https://www.nu.or.id/tokoh/tokoh-revolusioner-abad-20-c05Z8","https://storage.nu.or.id/storage/post/16_9/mid/news08318s.jpg","Sabtu, 17 Jun 2006"
"NU Bukan Demi Kekuasaan","https://www.nu.or.id/tokoh/nu-bukan-demi-kekuasaan-B1v3I","https://storage.nu.or.id/storage/post/16_9/mid/news08320i.jpg","Sabtu, 17 Jun 2006"